business_unit,trip_id,stwid,event_id,event_type,start_time,acknowledge_time,state_text,severity,source
pinnacle-Slc,"3,000,001",0,2a4047fa-2363-7810-5830-cb0181ad56ea,EMPLOYEE_SIGN_OFF_TIME_VIOLATION,"May 4, 2026, 9:05 AM",NA,CLOSED,NA,NA
pinnacle-Slc,"3,000,002",0,6f90c044-3170-b20a-07a3-9440dbe89820,EMPLOYEE_SIGN_OFF_TIME_VIOLATION,"May 4, 2026, 9:05 AM",NA,CLOSED,NA,NA
pinnacle-Slc,"3,000,003",0,a10d7b4c-1d1e-6692-fcf2-90f7d7f25ddd,EMPLOYEE_SIGN_OFF_TIME_VIOLATION,"May 4, 2026, 9:05 AM",NA,CLOSED,NA,NA
pinnacle-Slc,"3,000,004",0,cee37ad5-fa3d-bd84-bccc-897463b8e30a,EMPLOYEE_SIGN_OFF_TIME_VIOLATION,"May 4, 2026, 9:05 AM",NA,CLOSED,NA,NA
pinnacle-Slc,"3,000,005",0,3318bc91-9e2e-7d22-9fe4-f8e0aec576a5,EMPLOYEE_SIGN_OFF_TIME_VIOLATION,"May 4, 2026, 9:05 AM",NA,CLOSED,NA,NA
pinnacle-Slc,"3,000,006",0,f290a5cd-9bb1-04dd-00f8-b97c28f89bb9,EMPLOYEE_SIGN_OFF_TIME_VIOLATION,"May 4, 2026, 9:05 AM",NA,CLOSED,NA,NA
pinnacle-Slc,"3,000,007",0,ba183243-7d2a-47d3-8b3a-32c15dc6321c,EMPLOYEE_SIGN_OFF_TIME_VIOLATION,"May 4, 2026, 9:05 AM",NA,CLOSED,NA,NA
pinnacle-Slc,"3,000,008",0,1d3e5505-b405-d77b-ad78-04e77e465d48,EMPLOYEE_SIGN_OFF_TIME_VIOLATION,"May 4, 2026, 9:05 AM",NA,CLOSED,NA,NA
pinnacle-Slc,"3,000,009",0,b015f6f0-f124-af46-d0e5-818d11853be5,EMPLOYEE_SIGN_OFF_TIME_VIOLATION,"May 4, 2026, 9:05 AM",NA,CLOSED,NA,NA
pinnacle-Slc,"3,000,010",0,d98b0a61-1c72-5759-6baf-b23b7a2a33fa,EMPLOYEE_SIGN_OFF_TIME_VIOLATION,"May 4, 2026, 9:05 AM",NA,CLOSED,NA,NA
pinnacle-Slc,"3,000,011",0,aa74fd4f-faa0-8970-953f-304241af55f1,EMPLOYEE_SIGN_OFF_TIME_VIOLATION,"May 4, 2026, 9:05 AM",NA,CLOSED,NA,NA
pinnacle-Slc,"3,000,012",0,8e5d343a-fa58-6ca1-4db9-a797c4179450,EMPLOYEE_SIGN_OFF_TIME_VIOLATION,"May 4, 2026, 9:05 AM",NA,CLOSED,NA,NA
pinnacle-Slc,"3,000,013",0,e1b31c19-c75e-c824-b484-907611d87616,EMPLOYEE_SIGN_OFF_TIME_VIOLATION,"May 4, 2026, 9:05 AM",NA,CLOSED,NA,NA
pinnacle-Slc,"3,000,014",0,bef5cabb-4ee0-f167-ea76-df4dc87e983d,EMPLOYEE_SIGN_OFF_TIME_VIOLATION,"May 4, 2026, 9:05 AM",NA,CLOSED,NA,NA
pinnacle-Slc,"3,000,015",0,8f7266bd-9691-e6ef-35ef-ebe34a48e628,EMPLOYEE_SIGN_OFF_TIME_VIOLATION,"May 4, 2026, 9:05 AM",NA,CLOSED,NA,NA
pinnacle-Slc,"3,000,016",0,d3bd8ab1-088a-ff3e-af65-b2bcdb65c19a,EMPLOYEE_SIGN_OFF_TIME_VIOLATION,"May 4, 2026, 9:05 AM",NA,CLOSED,NA,NA
pinnacle-Slc,"3,000,017",0,d8c5039b-ddb4-70bf-86b0-0f5f4a4fc623,EMPLOYEE_SIGN_OFF_TIME_VIOLATION,"May 4, 2026, 9:05 AM",NA,CLOSED,NA,NA
pinnacle-Slc,"3,000,018",0,ac165b8a-51d5-8af0-68c1-c23648c5ec7b,EMPLOYEE_SIGN_OFF_TIME_VIOLATION,"May 4, 2026, 9:05 AM",NA,CLOSED,NA,NA
pinnacle-Slc,"3,000,019",0,baca74b3-f991-c64c-8d98-3eb07c06518e,EMPLOYEE_SIGN_OFF_TIME_VIOLATION,"May 4, 2026, 9:05 AM",NA,CLOSED,NA,NA
pinnacle-Slc,"3,000,020",0,7ede613f-ea1c-1bf9-7986-a2c19e659792,EMPLOYEE_SIGN_OFF_TIME_VIOLATION,"May 4, 2026, 9:05 AM",NA,CLOSED,NA,NA
pinnacle-Slc,"3,000,001",0,803cb172-907d-2287-678a-dae82a3202d0,EMPLOYEE_SIGN_OFF_TIME_VIOLATION,"May 4, 2026, 9:05 AM",NA,CLOSED,NA,NA
pinnacle-Slc,"3,000,002",0,12a751bf-f108-f948-a769-d26ff98bc5f5,EMPLOYEE_SIGN_OFF_TIME_VIOLATION,"May 4, 2026, 9:05 AM",NA,CLOSED,NA,NA
pinnacle-Slc,"3,000,003",0,86bb7f37-4ec1-efd5-65e0-9db1bb232e88,EMPLOYEE_SIGN_OFF_TIME_VIOLATION,"May 4, 2026, 9:05 AM",NA,CLOSED,NA,NA
pinnacle-Slc,"3,000,004",0,dbd1216a-d137-e7e8-b659-cdbc075917eb,EMPLOYEE_SIGN_OFF_TIME_VIOLATION,"May 4, 2026, 9:05 AM",NA,CLOSED,NA,NA
pinnacle-Slc,"3,000,005",0,c2b44bf7-d803-28c4-2105-c2d937b4332e,EMPLOYEE_SIGN_OFF_TIME_VIOLATION,"May 4, 2026, 9:05 AM",NA,CLOSED,NA,NA
pinnacle-Slc,"3,000,006",0,b1360954-e6c2-75fa-a523-d9db5da213d6,EMPLOYEE_SIGN_OFF_TIME_VIOLATION,"May 4, 2026, 9:05 AM",NA,CLOSED,NA,NA
pinnacle-Slc,"3,000,007",0,56c56267-8420-8085-f6e0-2e71a5b37d7e,EMPLOYEE_SIGN_OFF_TIME_VIOLATION,"May 4, 2026, 9:05 AM",NA,CLOSED,NA,NA
pinnacle-Slc,"3,000,008",0,56629ff8-c6af-65b4-94ac-4494e0ee503b,EMPLOYEE_SIGN_OFF_TIME_VIOLATION,"May 4, 2026, 9:05 AM",NA,CLOSED,NA,NA
pinnacle-Slc,"3,000,001",0,1f385e6a-9f73-f77e-936e-6c3809d72358,DEVICE_NOT_REACHABLE,"May 4, 2026, 9:05 AM","May 4, 2026, 9:10 AM",CLOSED,Sev-3,MOBILE
pinnacle-Slc,"3,000,002",0,51d2be28-fd46-16af-0701-f4a35cfe8efa,EMPLOYEE_GEOFENCE_VIOLATION,"May 4, 2026, 9:05 AM","May 4, 2026, 9:08 AM",CLOSED,False,MOBILE
pinnacle-Slc,"3,000,003",0,cb7534e9-b1dd-a4a8-afa2-c30328eab589,PANIC_MOBILE,"May 4, 2026, 9:05 AM","May 4, 2026, 9:07 AM",CLOSED,Sev-1,MOBILE_APP
pinnacle-Slc,"3,000,004",0,251b5c90-c86c-708f-b860-cd8a56885fa3,OVER_SPEEDING,"May 4, 2026, 9:05 AM","May 4, 2026, 9:13 AM",CLOSED,Sev-2,DEVICE
pinnacle-Slc,"3,000,021",0,88bca5a6-5e49-a2ab-00ae-87b3757ca0e0,EMPLOYEE_SIGN_OFF_TIME_VIOLATION,"May 5, 2026, 9:05 AM",NA,CLOSED,NA,NA
pinnacle-Slc,"3,000,022",0,eb45edda-dc11-ffea-1b36-733f5c8f5971,EMPLOYEE_SIGN_OFF_TIME_VIOLATION,"May 5, 2026, 9:05 AM",NA,CLOSED,NA,NA
pinnacle-Slc,"3,000,023",0,154e69b4-3731-8a09-9edf-2ac58fa35e66,EMPLOYEE_SIGN_OFF_TIME_VIOLATION,"May 5, 2026, 9:05 AM",NA,CLOSED,NA,NA
pinnacle-Slc,"3,000,024",0,61a65789-53ae-5b58-23e7-f40395f6b4df,EMPLOYEE_SIGN_OFF_TIME_VIOLATION,"May 5, 2026, 9:05 AM",NA,CLOSED,NA,NA
pinnacle-Slc,"3,000,025",0,f4d438fa-1f5d-cdc4-71f8-ee087efcf7c5,EMPLOYEE_SIGN_OFF_TIME_VIOLATION,"May 5, 2026, 9:05 AM",NA,CLOSED,NA,NA
pinnacle-Slc,"3,000,026",0,3aa1b93f-e7f3-3563-6d39-4ab41d2071a3,EMPLOYEE_SIGN_OFF_TIME_VIOLATION,"May 5, 2026, 9:05 AM",NA,CLOSED,NA,NA
pinnacle-Slc,"3,000,027",0,e3517704-20d2-177f-56f3-7847a13f3501,EMPLOYEE_SIGN_OFF_TIME_VIOLATION,"May 5, 2026, 9:05 AM",NA,CLOSED,NA,NA
pinnacle-Slc,"3,000,028",0,cbe2cb16-8b51-10e3-6fb6-4c0a2be13c44,EMPLOYEE_SIGN_OFF_TIME_VIOLATION,"May 5, 2026, 9:05 AM",NA,CLOSED,NA,NA
pinnacle-Slc,"3,000,029",0,a8833ce7-76ff-97d1-8cda-df3b0cfd534f,EMPLOYEE_SIGN_OFF_TIME_VIOLATION,"May 5, 2026, 9:05 AM",NA,CLOSED,NA,NA
pinnacle-Slc,"3,000,030",0,60f8627c-2e2b-2937-3560-6f9eb94fb17e,EMPLOYEE_SIGN_OFF_TIME_VIOLATION,"May 5, 2026, 9:05 AM",NA,CLOSED,NA,NA
pinnacle-Slc,"3,000,031",0,e870bcf2-2972-1644-5da9-be41fc555292,EMPLOYEE_SIGN_OFF_TIME_VIOLATION,"May 5, 2026, 9:05 AM",NA,CLOSED,NA,NA
pinnacle-Slc,"3,000,032",0,43bb2db3-eb20-e9f0-549c-8718d1ad1e2c,EMPLOYEE_SIGN_OFF_TIME_VIOLATION,"May 5, 2026, 9:05 AM",NA,CLOSED,NA,NA
pinnacle-Slc,"3,000,033",0,5c5b6fda-765d-108c-9fb7-7f0c95a37766,EMPLOYEE_SIGN_OFF_TIME_VIOLATION,"May 5, 2026, 9:05 AM",NA,CLOSED,NA,NA
pinnacle-Slc,"3,000,034",0,84aa0fc1-f8d4-ea67-74c7-1965178bf105,EMPLOYEE_SIGN_OFF_TIME_VIOLATION,"May 5, 2026, 9:05 AM",NA,CLOSED,NA,NA
pinnacle-Slc,"3,000,035",0,4a5d82f4-e90b-0944-c39c-30d34e15d64d,EMPLOYEE_SIGN_OFF_TIME_VIOLATION,"May 5, 2026, 9:05 AM",NA,CLOSED,NA,NA
pinnacle-Slc,"3,000,036",0,b59e1561-9ab2-d45a-80f7-54da1a836000,EMPLOYEE_SIGN_OFF_TIME_VIOLATION,"May 5, 2026, 9:05 AM",NA,CLOSED,NA,NA
pinnacle-Slc,"3,000,037",0,6a6e3a1a-9ccf-c0bc-8215-ffa55927e382,EMPLOYEE_SIGN_OFF_TIME_VIOLATION,"May 5, 2026, 9:05 AM",NA,CLOSED,NA,NA
pinnacle-Slc,"3,000,038",0,ad04df4d-0465-5fcf-f9ac-eee53a5de17b,EMPLOYEE_SIGN_OFF_TIME_VIOLATION,"May 5, 2026, 9:05 AM",NA,CLOSED,NA,NA
pinnacle-Slc,"3,000,039",0,3a4f67e1-d763-9a88-cefa-a6911c319460,EMPLOYEE_SIGN_OFF_TIME_VIOLATION,"May 5, 2026, 9:05 AM",NA,CLOSED,NA,NA
pinnacle-Slc,"3,000,040",0,d434c995-ae6a-d0e1-8a45-ad108fb7ce93,EMPLOYEE_SIGN_OFF_TIME_VIOLATION,"May 5, 2026, 9:05 AM",NA,CLOSED,NA,NA
pinnacle-Slc,"3,000,021",0,8a9f57e8-f753-00c9-3a5e-f0f9e215a8e3,EMPLOYEE_SIGN_OFF_TIME_VIOLATION,"May 5, 2026, 9:05 AM",NA,CLOSED,NA,NA
pinnacle-Slc,"3,000,022",0,94c8b535-39b3-8152-3946-0080fc16205a,EMPLOYEE_SIGN_OFF_TIME_VIOLATION,"May 5, 2026, 9:05 AM",NA,CLOSED,NA,NA
pinnacle-Slc,"3,000,023",0,8aa72c2a-dde5-ae1e-9119-4e7138a50f5e,EMPLOYEE_SIGN_OFF_TIME_VIOLATION,"May 5, 2026, 9:05 AM",NA,CLOSED,NA,NA
pinnacle-Slc,"3,000,024",0,092ce475-1417-5413-1ed2-fd23c2447e32,EMPLOYEE_SIGN_OFF_TIME_VIOLATION,"May 5, 2026, 9:05 AM",NA,CLOSED,NA,NA
pinnacle-Slc,"3,000,025",0,3b7bc29a-aa26-f47a-3332-ff74b5664d7d,EMPLOYEE_SIGN_OFF_TIME_VIOLATION,"May 5, 2026, 9:05 AM",NA,CLOSED,NA,NA
pinnacle-Slc,"3,000,026",0,84c9f053-34e5-e8e7-682c-4812b6cc0e8c,EMPLOYEE_SIGN_OFF_TIME_VIOLATION,"May 5, 2026, 9:05 AM",NA,CLOSED,NA,NA
pinnacle-Slc,"3,000,027",0,4315c11b-1ff0-5800-4afd-9c8c438efdfc,EMPLOYEE_SIGN_OFF_TIME_VIOLATION,"May 5, 2026, 9:05 AM",NA,CLOSED,NA,NA
pinnacle-Slc,"3,000,028",0,74e2d6cf-3248-121d-9f7b-c94950d49fbe,EMPLOYEE_SIGN_OFF_TIME_VIOLATION,"May 5, 2026, 9:05 AM",NA,CLOSED,NA,NA
pinnacle-Slc,"3,000,021",0,e2165885-760d-8427-f1d9-e597fcd366b3,DEVICE_NOT_REACHABLE,"May 5, 2026, 9:05 AM","May 5, 2026, 9:10 AM",CLOSED,Sev-3,MOBILE
pinnacle-Slc,"3,000,022",0,5a3be3e5-d575-0107-0403-baa4a0f457be,EMPLOYEE_GEOFENCE_VIOLATION,"May 5, 2026, 9:05 AM","May 5, 2026, 9:08 AM",CLOSED,False,MOBILE
pinnacle-Slc,"3,000,041",0,ee1429f2-f759-85ee-ca48-f2772b1072c0,EMPLOYEE_SIGN_OFF_TIME_VIOLATION,"May 6, 2026, 9:05 AM",NA,CLOSED,NA,NA
pinnacle-Slc,"3,000,042",0,aac3b284-cff2-fc4d-6433-e1e39456016c,EMPLOYEE_SIGN_OFF_TIME_VIOLATION,"May 6, 2026, 9:05 AM",NA,CLOSED,NA,NA
pinnacle-Slc,"3,000,043",0,a67e851f-0e40-f3ea-5bf8-a9f52e733f44,EMPLOYEE_SIGN_OFF_TIME_VIOLATION,"May 6, 2026, 9:05 AM",NA,CLOSED,NA,NA
pinnacle-Slc,"3,000,044",0,ce46c68c-7ddb-6e1a-66f2-92451b0ff9c8,EMPLOYEE_SIGN_OFF_TIME_VIOLATION,"May 6, 2026, 9:05 AM",NA,CLOSED,NA,NA
pinnacle-Slc,"3,000,045",0,cf3a6a0c-b42a-fa09-57ff-1691de0ecad6,EMPLOYEE_SIGN_OFF_TIME_VIOLATION,"May 6, 2026, 9:05 AM",NA,CLOSED,NA,NA
pinnacle-Slc,"3,000,046",0,0bd5fa8d-dbc5-87b4-1464-7d204b8ca218,EMPLOYEE_SIGN_OFF_TIME_VIOLATION,"May 6, 2026, 9:05 AM",NA,CLOSED,NA,NA
pinnacle-Slc,"3,000,047",0,05273e6d-082c-40bf-327a-d76d936fe5f7,EMPLOYEE_SIGN_OFF_TIME_VIOLATION,"May 6, 2026, 9:05 AM",NA,CLOSED,NA,NA
pinnacle-Slc,"3,000,048",0,a0babf35-d5d0-e962-e1b0-658fc9ef5bbe,EMPLOYEE_SIGN_OFF_TIME_VIOLATION,"May 6, 2026, 9:05 AM",NA,CLOSED,NA,NA
pinnacle-Slc,"3,000,049",0,bb25f7ed-fbd9-64e3-7983-3a9e183ab71a,EMPLOYEE_SIGN_OFF_TIME_VIOLATION,"May 6, 2026, 9:05 AM",NA,CLOSED,NA,NA
pinnacle-Slc,"3,000,050",0,e5f4776c-a189-6187-9c4c-210ee0ef42ca,EMPLOYEE_SIGN_OFF_TIME_VIOLATION,"May 6, 2026, 9:05 AM",NA,CLOSED,NA,NA
pinnacle-Slc,"3,000,051",0,f7c3612b-74a4-4cf6-1b56-b2c06739ef01,EMPLOYEE_SIGN_OFF_TIME_VIOLATION,"May 6, 2026, 9:05 AM",NA,CLOSED,NA,NA
pinnacle-Slc,"3,000,052",0,c960bcec-a0a0-5a49-34fa-28b06360d91f,EMPLOYEE_SIGN_OFF_TIME_VIOLATION,"May 6, 2026, 9:05 AM",NA,CLOSED,NA,NA
pinnacle-Slc,"3,000,053",0,f9a2fc36-e01a-6e93-e208-ad403bfd81dd,EMPLOYEE_SIGN_OFF_TIME_VIOLATION,"May 6, 2026, 9:05 AM",NA,CLOSED,NA,NA
pinnacle-Slc,"3,000,054",0,1707fac4-8730-048d-7a87-ca7fb1f8e98b,EMPLOYEE_SIGN_OFF_TIME_VIOLATION,"May 6, 2026, 9:05 AM",NA,CLOSED,NA,NA
pinnacle-Slc,"3,000,055",0,91b01f26-625c-c3aa-c8c7-7f5ebc110267,EMPLOYEE_SIGN_OFF_TIME_VIOLATION,"May 6, 2026, 9:05 AM",NA,CLOSED,NA,NA
pinnacle-Slc,"3,000,056",0,23b5c90b-8e8b-0577-f88a-4f1a9ce22c56,EMPLOYEE_SIGN_OFF_TIME_VIOLATION,"May 6, 2026, 9:05 AM",NA,CLOSED,NA,NA
pinnacle-Slc,"3,000,057",0,11dec931-d31d-3e44-720f-6029837165c3,EMPLOYEE_SIGN_OFF_TIME_VIOLATION,"May 6, 2026, 9:05 AM",NA,CLOSED,NA,NA
pinnacle-Slc,"3,000,058",0,9f8cd31f-579d-5fbc-9b4e-e2ce73c2bbb3,EMPLOYEE_SIGN_OFF_TIME_VIOLATION,"May 6, 2026, 9:05 AM",NA,CLOSED,NA,NA
pinnacle-Slc,"3,000,059",0,d7252b8d-f9f4-0686-7b74-f56c59628cdd,EMPLOYEE_SIGN_OFF_TIME_VIOLATION,"May 6, 2026, 9:05 AM",NA,CLOSED,NA,NA
pinnacle-Slc,"3,000,060",0,578cf08c-4f3b-a7f7-878a-c37ce2338838,EMPLOYEE_SIGN_OFF_TIME_VIOLATION,"May 6, 2026, 9:05 AM",NA,CLOSED,NA,NA
pinnacle-Slc,"3,000,041",0,16cea64a-38c8-f47c-98f5-d8b29046063b,EMPLOYEE_SIGN_OFF_TIME_VIOLATION,"May 6, 2026, 9:05 AM",NA,CLOSED,NA,NA
pinnacle-Slc,"3,000,042",0,e0855bd4-0f99-766a-db86-c0990d807ffb,EMPLOYEE_SIGN_OFF_TIME_VIOLATION,"May 6, 2026, 9:05 AM",NA,CLOSED,NA,NA
pinnacle-Slc,"3,000,043",0,48ccad16-66b4-02e9-a952-4f883fa96146,EMPLOYEE_SIGN_OFF_TIME_VIOLATION,"May 6, 2026, 9:05 AM",NA,CLOSED,NA,NA
pinnacle-Slc,"3,000,044",0,e6360e92-5e29-e667-bfdf-437ff9b735c0,EMPLOYEE_SIGN_OFF_TIME_VIOLATION,"May 6, 2026, 9:05 AM",NA,CLOSED,NA,NA
pinnacle-Slc,"3,000,045",0,e990b600-44cc-28d0-0fc2-287a653b669a,EMPLOYEE_SIGN_OFF_TIME_VIOLATION,"May 6, 2026, 9:05 AM",NA,CLOSED,NA,NA
pinnacle-Slc,"3,000,046",0,f63a2f8d-df22-42dc-7e17-fe8b3ab9b609,EMPLOYEE_SIGN_OFF_TIME_VIOLATION,"May 6, 2026, 9:05 AM",NA,CLOSED,NA,NA
pinnacle-Slc,"3,000,047",0,019b94b0-3710-6f23-351d-fd18ec86cfce,EMPLOYEE_SIGN_OFF_TIME_VIOLATION,"May 6, 2026, 9:05 AM",NA,CLOSED,NA,NA
pinnacle-Slc,"3,000,048",0,1d9caf36-6390-f1d7-1329-4a22fdc7f5a4,EMPLOYEE_SIGN_OFF_TIME_VIOLATION,"May 6, 2026, 9:05 AM",NA,CLOSED,NA,NA
pinnacle-Slc,"3,000,041",0,d98e83dd-2048-2d46-de5e-21a224f118f5,DEVICE_NOT_REACHABLE,"May 6, 2026, 9:05 AM","May 6, 2026, 9:10 AM",CLOSED,Sev-3,MOBILE
pinnacle-Slc,"3,000,042",0,96728d6e-38a7-1440-1e87-a7da630dee96,EMPLOYEE_GEOFENCE_VIOLATION,"May 6, 2026, 9:05 AM","May 6, 2026, 9:08 AM",CLOSED,False,MOBILE
pinnacle-Slc,"3,000,061",0,be9c2a2f-713a-954e-018d-a4aa8af69718,EMPLOYEE_SIGN_OFF_TIME_VIOLATION,"May 7, 2026, 9:05 AM",NA,CLOSED,NA,NA
pinnacle-Slc,"3,000,062",0,698275ad-224e-896c-5e47-e02b7b452198,EMPLOYEE_SIGN_OFF_TIME_VIOLATION,"May 7, 2026, 9:05 AM",NA,CLOSED,NA,NA
pinnacle-Slc,"3,000,063",0,4a639707-54bf-e737-2225-3872a1f8cb77,EMPLOYEE_SIGN_OFF_TIME_VIOLATION,"May 7, 2026, 9:05 AM",NA,CLOSED,NA,NA
pinnacle-Slc,"3,000,064",0,fad9c8d0-eda6-f60d-43e4-c657e175fc15,EMPLOYEE_SIGN_OFF_TIME_VIOLATION,"May 7, 2026, 9:05 AM",NA,CLOSED,NA,NA
pinnacle-Slc,"3,000,065",0,f461f73a-28bd-8a72-0f44-93213768f1bc,EMPLOYEE_SIGN_OFF_TIME_VIOLATION,"May 7, 2026, 9:05 AM",NA,CLOSED,NA,NA
pinnacle-Slc,"3,000,066",0,6e909891-37fa-2366-684d-89749deb66f2,EMPLOYEE_SIGN_OFF_TIME_VIOLATION,"May 7, 2026, 9:05 AM",NA,CLOSED,NA,NA
pinnacle-Slc,"3,000,067",0,0954cee7-1b2f-61b9-c8bc-b2c6a7636349,EMPLOYEE_SIGN_OFF_TIME_VIOLATION,"May 7, 2026, 9:05 AM",NA,CLOSED,NA,NA
pinnacle-Slc,"3,000,068",0,25dc526b-26c8-2750-85aa-4a8e305cb746,EMPLOYEE_SIGN_OFF_TIME_VIOLATION,"May 7, 2026, 9:05 AM",NA,CLOSED,NA,NA
pinnacle-Slc,"3,000,069",0,895baf1f-dfb0-fc9d-59a3-2f00ce412087,EMPLOYEE_SIGN_OFF_TIME_VIOLATION,"May 7, 2026, 9:05 AM",NA,CLOSED,NA,NA
pinnacle-Slc,"3,000,070",0,2fbc86d9-aeb1-403e-bbe0-826533702697,EMPLOYEE_SIGN_OFF_TIME_VIOLATION,"May 7, 2026, 9:05 AM",NA,CLOSED,NA,NA
pinnacle-Slc,"3,000,071",0,44b4a655-4541-613f-d968-3239a503dfe3,EMPLOYEE_SIGN_OFF_TIME_VIOLATION,"May 7, 2026, 9:05 AM",NA,CLOSED,NA,NA
pinnacle-Slc,"3,000,072",0,8c8b1661-d9a8-7099-4648-0bc5311d626a,EMPLOYEE_SIGN_OFF_TIME_VIOLATION,"May 7, 2026, 9:05 AM",NA,CLOSED,NA,NA
pinnacle-Slc,"3,000,073",0,7dd7bfde-7c3b-6d69-2515-eae5205e59a2,EMPLOYEE_SIGN_OFF_TIME_VIOLATION,"May 7, 2026, 9:05 AM",NA,CLOSED,NA,NA
pinnacle-Slc,"3,000,074",0,172fc82c-fd33-2e77-96ca-50c08c3b871c,EMPLOYEE_SIGN_OFF_TIME_VIOLATION,"May 7, 2026, 9:05 AM",NA,CLOSED,NA,NA
pinnacle-Slc,"3,000,075",0,94cf123b-048c-7e91-3a5c-1a30e6444e8a,EMPLOYEE_SIGN_OFF_TIME_VIOLATION,"May 7, 2026, 9:05 AM",NA,CLOSED,NA,NA
pinnacle-Slc,"3,000,076",0,3cd09963-831b-77a8-5507-7f21533da972,EMPLOYEE_SIGN_OFF_TIME_VIOLATION,"May 7, 2026, 9:05 AM",NA,CLOSED,NA,NA
pinnacle-Slc,"3,000,077",0,2af70dd6-0236-89be-6d95-901f7bb20422,EMPLOYEE_SIGN_OFF_TIME_VIOLATION,"May 7, 2026, 9:05 AM",NA,CLOSED,NA,NA
pinnacle-Slc,"3,000,078",0,96bb3ffd-f1c5-cc07-159a-c0fb887442f7,EMPLOYEE_SIGN_OFF_TIME_VIOLATION,"May 7, 2026, 9:05 AM",NA,CLOSED,NA,NA
pinnacle-Slc,"3,000,079",0,96a9b5ea-c71b-2a4a-0971-925167530dd3,EMPLOYEE_SIGN_OFF_TIME_VIOLATION,"May 7, 2026, 9:05 AM",NA,CLOSED,NA,NA
pinnacle-Slc,"3,000,080",0,1a8ed496-a6fa-46cc-1c6f-8fc0c51a04cf,EMPLOYEE_SIGN_OFF_TIME_VIOLATION,"May 7, 2026, 9:05 AM",NA,CLOSED,NA,NA
pinnacle-Slc,"3,000,061",0,d9847e2a-157d-5db9-e3f7-70e8972300de,EMPLOYEE_SIGN_OFF_TIME_VIOLATION,"May 7, 2026, 9:05 AM",NA,CLOSED,NA,NA
pinnacle-Slc,"3,000,062",0,60a0978c-a56f-2e07-4041-494836c3165f,EMPLOYEE_SIGN_OFF_TIME_VIOLATION,"May 7, 2026, 9:05 AM",NA,CLOSED,NA,NA
pinnacle-Slc,"3,000,063",0,c40a6682-ec9e-77c1-f400-4a7bc5227c79,EMPLOYEE_SIGN_OFF_TIME_VIOLATION,"May 7, 2026, 9:05 AM",NA,CLOSED,NA,NA
pinnacle-Slc,"3,000,064",0,e38d528c-83a2-0f8f-ebfe-b46d724b316a,EMPLOYEE_SIGN_OFF_TIME_VIOLATION,"May 7, 2026, 9:05 AM",NA,CLOSED,NA,NA
pinnacle-Slc,"3,000,065",0,1eca6801-1674-bdaa-7c15-a46d997cd8c3,EMPLOYEE_SIGN_OFF_TIME_VIOLATION,"May 7, 2026, 9:05 AM",NA,CLOSED,NA,NA
pinnacle-Slc,"3,000,066",0,cb33bf56-6f5f-fdba-a606-08a583655619,EMPLOYEE_SIGN_OFF_TIME_VIOLATION,"May 7, 2026, 9:05 AM",NA,CLOSED,NA,NA
pinnacle-Slc,"3,000,067",0,26ce8108-5a4d-ba53-da0f-9a10d5c600d9,EMPLOYEE_SIGN_OFF_TIME_VIOLATION,"May 7, 2026, 9:05 AM",NA,CLOSED,NA,NA
pinnacle-Slc,"3,000,068",0,8fde1a20-725b-6c5f-8209-7a2a2c8c96a9,EMPLOYEE_SIGN_OFF_TIME_VIOLATION,"May 7, 2026, 9:05 AM",NA,CLOSED,NA,NA
pinnacle-Slc,"3,000,061",0,96c8d46e-e366-b044-4f99-fefa7a849dc6,DEVICE_NOT_REACHABLE,"May 7, 2026, 9:05 AM","May 7, 2026, 9:10 AM",CLOSED,Sev-3,MOBILE
pinnacle-Slc,"3,000,062",0,a37409e0-9096-a356-ef2c-af69bdb3df53,EMPLOYEE_GEOFENCE_VIOLATION,"May 7, 2026, 9:05 AM","May 7, 2026, 9:08 AM",CLOSED,False,MOBILE
pinnacle-Slc,"3,000,081",0,9371f806-9222-f5a3-9ea2-5f352c7b4c66,EMPLOYEE_SIGN_OFF_TIME_VIOLATION,"May 8, 2026, 9:05 AM",NA,CLOSED,NA,NA
pinnacle-Slc,"3,000,082",0,099b36e7-a289-f045-dc4b-a38eed3736c6,EMPLOYEE_SIGN_OFF_TIME_VIOLATION,"May 8, 2026, 9:05 AM",NA,CLOSED,NA,NA
pinnacle-Slc,"3,000,083",0,b1cd78bd-c19a-06da-d3ce-a84a1837ff2a,EMPLOYEE_SIGN_OFF_TIME_VIOLATION,"May 8, 2026, 9:05 AM",NA,CLOSED,NA,NA
pinnacle-Slc,"3,000,084",0,4a40f4c3-9724-bf97-ecaa-3ec9c016a94d,EMPLOYEE_SIGN_OFF_TIME_VIOLATION,"May 8, 2026, 9:05 AM",NA,CLOSED,NA,NA
pinnacle-Slc,"3,000,085",0,17b24840-5b09-6ce3-4c1d-c1f8457ed3d1,EMPLOYEE_SIGN_OFF_TIME_VIOLATION,"May 8, 2026, 9:05 AM",NA,CLOSED,NA,NA
pinnacle-Slc,"3,000,086",0,d523e0b3-f43c-0f9a-5f2a-f6ba19f83a0d,EMPLOYEE_SIGN_OFF_TIME_VIOLATION,"May 8, 2026, 9:05 AM",NA,CLOSED,NA,NA
pinnacle-Slc,"3,000,087",0,f90c0e8f-b70c-9664-3160-1d10b87f4ea3,EMPLOYEE_SIGN_OFF_TIME_VIOLATION,"May 8, 2026, 9:05 AM",NA,CLOSED,NA,NA
pinnacle-Slc,"3,000,088",0,3beeb571-ead2-5ad7-470d-1aba9394e649,EMPLOYEE_SIGN_OFF_TIME_VIOLATION,"May 8, 2026, 9:05 AM",NA,CLOSED,NA,NA
pinnacle-Slc,"3,000,089",0,3b58771b-599a-10b4-659f-7df25277a1dd,EMPLOYEE_SIGN_OFF_TIME_VIOLATION,"May 8, 2026, 9:05 AM",NA,CLOSED,NA,NA
pinnacle-Slc,"3,000,090",0,875d24de-4ce8-843a-421e-cb6e46f1aa8e,EMPLOYEE_SIGN_OFF_TIME_VIOLATION,"May 8, 2026, 9:05 AM",NA,CLOSED,NA,NA
pinnacle-Slc,"3,000,091",0,c8d03c9f-03f5-8c81-311f-02b88da358ae,EMPLOYEE_SIGN_OFF_TIME_VIOLATION,"May 8, 2026, 9:05 AM",NA,CLOSED,NA,NA
pinnacle-Slc,"3,000,092",0,07359ebc-5ba2-2d68-930c-27bc012481f8,EMPLOYEE_SIGN_OFF_TIME_VIOLATION,"May 8, 2026, 9:05 AM",NA,CLOSED,NA,NA
pinnacle-Slc,"3,000,093",0,cec78ea6-64b9-bf6a-1300-6b34a75d53de,EMPLOYEE_SIGN_OFF_TIME_VIOLATION,"May 8, 2026, 9:05 AM",NA,CLOSED,NA,NA
pinnacle-Slc,"3,000,094",0,2949153f-bb01-d5ee-7160-bd66bcbb106a,EMPLOYEE_SIGN_OFF_TIME_VIOLATION,"May 8, 2026, 9:05 AM",NA,CLOSED,NA,NA
pinnacle-Slc,"3,000,095",0,277bbb8b-96ae-312d-667d-ace22386dd99,EMPLOYEE_SIGN_OFF_TIME_VIOLATION,"May 8, 2026, 9:05 AM",NA,CLOSED,NA,NA
pinnacle-Slc,"3,000,096",0,f1de1635-2a17-d9f8-ebe9-60c679ed17a3,EMPLOYEE_SIGN_OFF_TIME_VIOLATION,"May 8, 2026, 9:05 AM",NA,CLOSED,NA,NA
pinnacle-Slc,"3,000,097",0,c1b14472-b923-c660-fc23-035f3072a8e5,EMPLOYEE_SIGN_OFF_TIME_VIOLATION,"May 8, 2026, 9:05 AM",NA,CLOSED,NA,NA
pinnacle-Slc,"3,000,098",0,fa00233e-ddb3-953f-81c2-804bd02a7392,EMPLOYEE_SIGN_OFF_TIME_VIOLATION,"May 8, 2026, 9:05 AM",NA,CLOSED,NA,NA
pinnacle-Slc,"3,000,099",0,da6932b6-093f-466b-1d7e-512a6c09b81f,EMPLOYEE_SIGN_OFF_TIME_VIOLATION,"May 8, 2026, 9:05 AM",NA,CLOSED,NA,NA
pinnacle-Slc,"3,000,100",0,d0200c92-11d1-1bf0-0750-3279d7147678,EMPLOYEE_SIGN_OFF_TIME_VIOLATION,"May 8, 2026, 9:05 AM",NA,CLOSED,NA,NA
pinnacle-Slc,"3,000,081",0,ca789737-4c1c-7774-25e5-3f3adcefdc04,EMPLOYEE_SIGN_OFF_TIME_VIOLATION,"May 8, 2026, 9:05 AM",NA,CLOSED,NA,NA
pinnacle-Slc,"3,000,082",0,f0f9b6b1-5d62-7d5a-655e-a2d215aa74af,EMPLOYEE_SIGN_OFF_TIME_VIOLATION,"May 8, 2026, 9:05 AM",NA,CLOSED,NA,NA
pinnacle-Slc,"3,000,083",0,5050c732-d499-8420-2464-af8d04e5f548,EMPLOYEE_SIGN_OFF_TIME_VIOLATION,"May 8, 2026, 9:05 AM",NA,CLOSED,NA,NA
pinnacle-Slc,"3,000,084",0,7da93291-1048-ec9e-cc23-f5509f75b909,EMPLOYEE_SIGN_OFF_TIME_VIOLATION,"May 8, 2026, 9:05 AM",NA,CLOSED,NA,NA
pinnacle-Slc,"3,000,085",0,e6fdff5b-7eb5-55b8-66a4-b386984cba2a,EMPLOYEE_SIGN_OFF_TIME_VIOLATION,"May 8, 2026, 9:05 AM",NA,CLOSED,NA,NA
pinnacle-Slc,"3,000,086",0,0171984a-f316-a2b6-2ca2-1874b5270049,EMPLOYEE_SIGN_OFF_TIME_VIOLATION,"May 8, 2026, 9:05 AM",NA,CLOSED,NA,NA
pinnacle-Slc,"3,000,087",0,289ca039-dd33-3311-215b-3e5740a695c6,EMPLOYEE_SIGN_OFF_TIME_VIOLATION,"May 8, 2026, 9:05 AM",NA,CLOSED,NA,NA
pinnacle-Slc,"3,000,088",0,368f70db-136b-c3f7-96a1-f6b65a9a6013,EMPLOYEE_SIGN_OFF_TIME_VIOLATION,"May 8, 2026, 9:05 AM",NA,CLOSED,NA,NA
pinnacle-Slc,"3,000,081",0,89d7edfd-9f62-0fbc-523e-70c54d8b8615,DEVICE_NOT_REACHABLE,"May 8, 2026, 9:05 AM","May 8, 2026, 9:10 AM",CLOSED,Sev-3,MOBILE
pinnacle-Slc,"3,000,082",0,1b088c9d-cef4-02b5-e940-5c556bf3e7b7,EMPLOYEE_GEOFENCE_VIOLATION,"May 8, 2026, 9:05 AM","May 8, 2026, 9:08 AM",CLOSED,False,MOBILE
pinnacle-Slc,"3,000,101",0,d65c74ef-1630-2fae-eacd-243f587e0c47,EMPLOYEE_SIGN_OFF_TIME_VIOLATION,"May 9, 2026, 9:05 AM",NA,CLOSED,NA,NA
pinnacle-Slc,"3,000,102",0,a0933fdd-ac64-abb5-1065-1460e82c3203,EMPLOYEE_SIGN_OFF_TIME_VIOLATION,"May 9, 2026, 9:05 AM",NA,CLOSED,NA,NA
pinnacle-Slc,"3,000,103",0,b81badf6-4c96-53fa-feef-ddf2db995adf,EMPLOYEE_SIGN_OFF_TIME_VIOLATION,"May 9, 2026, 9:05 AM",NA,CLOSED,NA,NA
pinnacle-Slc,"3,000,104",0,f9b23e3d-e127-c788-21ac-4dba6641bbd4,EMPLOYEE_SIGN_OFF_TIME_VIOLATION,"May 9, 2026, 9:05 AM",NA,CLOSED,NA,NA
pinnacle-Slc,"3,000,105",0,1974a3ee-5aa6-3380-24d1-afb29f9943c4,EMPLOYEE_SIGN_OFF_TIME_VIOLATION,"May 9, 2026, 9:05 AM",NA,CLOSED,NA,NA
pinnacle-Slc,"3,000,106",0,ed9cd835-5f99-9f7f-9667-a44311754aa8,EMPLOYEE_SIGN_OFF_TIME_VIOLATION,"May 9, 2026, 9:05 AM",NA,CLOSED,NA,NA
pinnacle-Slc,"3,000,107",0,f3d4cea4-71ec-8c43-c183-3e58e55392ec,EMPLOYEE_SIGN_OFF_TIME_VIOLATION,"May 9, 2026, 9:05 AM",NA,CLOSED,NA,NA
pinnacle-Slc,"3,000,108",0,c260b53f-37d9-b231-24b8-0d4d9477439d,EMPLOYEE_SIGN_OFF_TIME_VIOLATION,"May 9, 2026, 9:05 AM",NA,CLOSED,NA,NA
pinnacle-Slc,"3,000,109",0,6efc9640-2de5-8698-6f9a-ad48d60bf150,EMPLOYEE_SIGN_OFF_TIME_VIOLATION,"May 9, 2026, 9:05 AM",NA,CLOSED,NA,NA
pinnacle-Slc,"3,000,110",0,5441daf4-eca5-af76-4368-0aac500bfb83,EMPLOYEE_SIGN_OFF_TIME_VIOLATION,"May 9, 2026, 9:05 AM",NA,CLOSED,NA,NA
pinnacle-Slc,"3,000,111",0,3d44982f-6d97-1ce9-bf87-c39fa819a3fa,EMPLOYEE_SIGN_OFF_TIME_VIOLATION,"May 9, 2026, 9:05 AM",NA,CLOSED,NA,NA
pinnacle-Slc,"3,000,112",0,65cc5a0c-4280-1e0d-f767-769f86c66e8a,EMPLOYEE_SIGN_OFF_TIME_VIOLATION,"May 9, 2026, 9:05 AM",NA,CLOSED,NA,NA
pinnacle-Slc,"3,000,113",0,1bb683d2-145a-b632-a367-82b91660d822,EMPLOYEE_SIGN_OFF_TIME_VIOLATION,"May 9, 2026, 9:05 AM",NA,CLOSED,NA,NA
pinnacle-Slc,"3,000,114",0,32d87f58-4fe8-aa50-4286-80f048dc7925,EMPLOYEE_SIGN_OFF_TIME_VIOLATION,"May 9, 2026, 9:05 AM",NA,CLOSED,NA,NA
pinnacle-Slc,"3,000,115",0,587270b8-bac5-2b8b-4716-1b164103eb52,EMPLOYEE_SIGN_OFF_TIME_VIOLATION,"May 9, 2026, 9:05 AM",NA,CLOSED,NA,NA
pinnacle-Slc,"3,000,116",0,3579ccae-cd39-b4d1-fa7a-21c9faa16899,EMPLOYEE_SIGN_OFF_TIME_VIOLATION,"May 9, 2026, 9:05 AM",NA,CLOSED,NA,NA
pinnacle-Slc,"3,000,117",0,6ff6637a-505d-bc11-b583-622b2652aa24,EMPLOYEE_SIGN_OFF_TIME_VIOLATION,"May 9, 2026, 9:05 AM",NA,CLOSED,NA,NA
pinnacle-Slc,"3,000,118",0,4aa35f9a-d518-1b47-dfc7-def1214846af,EMPLOYEE_SIGN_OFF_TIME_VIOLATION,"May 9, 2026, 9:05 AM",NA,CLOSED,NA,NA
pinnacle-Slc,"3,000,119",0,cff0f5ac-8999-f732-add8-6806023a8e9a,EMPLOYEE_SIGN_OFF_TIME_VIOLATION,"May 9, 2026, 9:05 AM",NA,CLOSED,NA,NA
pinnacle-Slc,"3,000,120",0,c6e0da18-d424-7d6f-acf3-891d61160f85,EMPLOYEE_SIGN_OFF_TIME_VIOLATION,"May 9, 2026, 9:05 AM",NA,CLOSED,NA,NA
pinnacle-Slc,"3,000,101",0,7e640ea0-679f-81dd-fc83-9267035f50b5,EMPLOYEE_SIGN_OFF_TIME_VIOLATION,"May 9, 2026, 9:05 AM",NA,CLOSED,NA,NA
pinnacle-Slc,"3,000,102",0,8202a58e-0630-57b8-7c9d-69128b06742a,EMPLOYEE_SIGN_OFF_TIME_VIOLATION,"May 9, 2026, 9:05 AM",NA,CLOSED,NA,NA
pinnacle-Slc,"3,000,103",0,4484dc4c-6943-4fc3-b13a-eb7edbbd6ca0,EMPLOYEE_SIGN_OFF_TIME_VIOLATION,"May 9, 2026, 9:05 AM",NA,CLOSED,NA,NA
pinnacle-Slc,"3,000,104",0,4d854a8c-7e9c-5d11-490e-f3bcfa56e456,EMPLOYEE_SIGN_OFF_TIME_VIOLATION,"May 9, 2026, 9:05 AM",NA,CLOSED,NA,NA
pinnacle-Slc,"3,000,105",0,d309dae7-996a-ff3a-fa51-e91186345a20,EMPLOYEE_SIGN_OFF_TIME_VIOLATION,"May 9, 2026, 9:05 AM",NA,CLOSED,NA,NA
pinnacle-Slc,"3,000,106",0,acaa4b35-ea46-2446-2c9a-a1be253a54c8,EMPLOYEE_SIGN_OFF_TIME_VIOLATION,"May 9, 2026, 9:05 AM",NA,CLOSED,NA,NA
pinnacle-Slc,"3,000,107",0,fac2df96-9c08-787a-c842-a758ae43385f,EMPLOYEE_SIGN_OFF_TIME_VIOLATION,"May 9, 2026, 9:05 AM",NA,CLOSED,NA,NA
pinnacle-Slc,"3,000,108",0,5e18c0e5-5be4-246c-df28-4673b66178d9,EMPLOYEE_SIGN_OFF_TIME_VIOLATION,"May 9, 2026, 9:05 AM",NA,CLOSED,NA,NA
pinnacle-Slc,"3,000,101",0,598c15d2-2300-8025-153b-63cb8bc77721,DEVICE_NOT_REACHABLE,"May 9, 2026, 9:05 AM","May 9, 2026, 9:10 AM",CLOSED,Sev-3,MOBILE
pinnacle-Slc,"3,000,102",0,c6130645-7955-e91e-7a29-1e934d8b7352,EMPLOYEE_GEOFENCE_VIOLATION,"May 9, 2026, 9:05 AM","May 9, 2026, 9:08 AM",CLOSED,False,MOBILE
pinnacle-Slc,"3,000,121",0,bb9bd868-9447-0d29-2c3d-80d7826da995,EMPLOYEE_SIGN_OFF_TIME_VIOLATION,"May 10, 2026, 9:05 AM",NA,CLOSED,NA,NA
pinnacle-Slc,"3,000,122",0,638add47-2321-1854-d40c-15a4e83695ed,EMPLOYEE_SIGN_OFF_TIME_VIOLATION,"May 10, 2026, 9:05 AM",NA,CLOSED,NA,NA
pinnacle-Slc,"3,000,123",0,be8352be-fd9c-af4e-eb4d-c8974e67ce58,EMPLOYEE_SIGN_OFF_TIME_VIOLATION,"May 10, 2026, 9:05 AM",NA,CLOSED,NA,NA
pinnacle-Slc,"3,000,124",0,aa2ffb3e-c34a-4030-52c7-1320b81f6877,EMPLOYEE_SIGN_OFF_TIME_VIOLATION,"May 10, 2026, 9:05 AM",NA,CLOSED,NA,NA
pinnacle-Slc,"3,000,125",0,aa319a8c-31ce-ecaa-7f73-ae10ac9999a3,EMPLOYEE_SIGN_OFF_TIME_VIOLATION,"May 10, 2026, 9:05 AM",NA,CLOSED,NA,NA
pinnacle-Slc,"3,000,126",0,5100bc6d-79af-6d84-e881-38b807eb7026,EMPLOYEE_SIGN_OFF_TIME_VIOLATION,"May 10, 2026, 9:05 AM",NA,CLOSED,NA,NA
pinnacle-Slc,"3,000,127",0,01ad1d4d-750b-1bcf-1af8-27628c4a0a7e,EMPLOYEE_SIGN_OFF_TIME_VIOLATION,"May 10, 2026, 9:05 AM",NA,CLOSED,NA,NA
pinnacle-Slc,"3,000,128",0,681644f3-db1a-b328-e7b6-686621f795b2,EMPLOYEE_SIGN_OFF_TIME_VIOLATION,"May 10, 2026, 9:05 AM",NA,CLOSED,NA,NA
pinnacle-Slc,"3,000,129",0,48764845-9d61-979a-fc33-962e22a5d1ef,EMPLOYEE_SIGN_OFF_TIME_VIOLATION,"May 10, 2026, 9:05 AM",NA,CLOSED,NA,NA
pinnacle-Slc,"3,000,130",0,40b347d5-90b6-c6ca-550f-0d576baa62aa,EMPLOYEE_SIGN_OFF_TIME_VIOLATION,"May 10, 2026, 9:05 AM",NA,CLOSED,NA,NA
pinnacle-Slc,"3,000,131",0,a86edcd6-81dd-b974-ca5e-dd39377e1d13,EMPLOYEE_SIGN_OFF_TIME_VIOLATION,"May 10, 2026, 9:05 AM",NA,CLOSED,NA,NA
pinnacle-Slc,"3,000,132",0,3e260c3f-8266-0cc7-e3b8-afe7c312848d,EMPLOYEE_SIGN_OFF_TIME_VIOLATION,"May 10, 2026, 9:05 AM",NA,CLOSED,NA,NA
pinnacle-Slc,"3,000,133",0,eabf2808-45c7-3d92-fe3b-46df7066ac18,EMPLOYEE_SIGN_OFF_TIME_VIOLATION,"May 10, 2026, 9:05 AM",NA,CLOSED,NA,NA
pinnacle-Slc,"3,000,134",0,61df3e9e-ea14-9ea5-e6de-6544e60977e6,EMPLOYEE_SIGN_OFF_TIME_VIOLATION,"May 10, 2026, 9:05 AM",NA,CLOSED,NA,NA
pinnacle-Slc,"3,000,135",0,3d82dfe2-30a8-8b37-7f27-612db1930650,EMPLOYEE_SIGN_OFF_TIME_VIOLATION,"May 10, 2026, 9:05 AM",NA,CLOSED,NA,NA
pinnacle-Slc,"3,000,136",0,d14580ef-ef47-125c-858f-f95993af727d,EMPLOYEE_SIGN_OFF_TIME_VIOLATION,"May 10, 2026, 9:05 AM",NA,CLOSED,NA,NA
pinnacle-Slc,"3,000,137",0,76625244-ef41-79bd-15ee-10f301f68f85,EMPLOYEE_SIGN_OFF_TIME_VIOLATION,"May 10, 2026, 9:05 AM",NA,CLOSED,NA,NA
pinnacle-Slc,"3,000,138",0,4caaca68-cd32-7d0b-cab0-734331418b85,EMPLOYEE_SIGN_OFF_TIME_VIOLATION,"May 10, 2026, 9:05 AM",NA,CLOSED,NA,NA
pinnacle-Slc,"3,000,139",0,0df114be-30e8-de9a-ed85-6667d8a0ecd4,EMPLOYEE_SIGN_OFF_TIME_VIOLATION,"May 10, 2026, 9:05 AM",NA,CLOSED,NA,NA
pinnacle-Slc,"3,000,140",0,6ee8c2c3-f878-37c4-df10-2d223f1deb30,EMPLOYEE_SIGN_OFF_TIME_VIOLATION,"May 10, 2026, 9:05 AM",NA,CLOSED,NA,NA
pinnacle-Slc,"3,000,121",0,e532eb6c-83ff-fdf5-080c-328caae8e1f8,EMPLOYEE_SIGN_OFF_TIME_VIOLATION,"May 10, 2026, 9:05 AM",NA,CLOSED,NA,NA
pinnacle-Slc,"3,000,122",0,ff64b8fc-0a6e-0cb5-0bb6-d94a09b9debb,EMPLOYEE_SIGN_OFF_TIME_VIOLATION,"May 10, 2026, 9:05 AM",NA,CLOSED,NA,NA
pinnacle-Slc,"3,000,123",0,1614dbd5-8179-7d01-b93f-d772e70d5846,EMPLOYEE_SIGN_OFF_TIME_VIOLATION,"May 10, 2026, 9:05 AM",NA,CLOSED,NA,NA
pinnacle-Slc,"3,000,124",0,f9a3d86b-6427-c811-39f1-4583235ba259,EMPLOYEE_SIGN_OFF_TIME_VIOLATION,"May 10, 2026, 9:05 AM",NA,CLOSED,NA,NA
pinnacle-Slc,"3,000,125",0,c530da4d-097e-971e-8b74-6658c62dc1c2,EMPLOYEE_SIGN_OFF_TIME_VIOLATION,"May 10, 2026, 9:05 AM",NA,CLOSED,NA,NA
pinnacle-Slc,"3,000,126",0,5798391e-6ac3-8f74-122e-f8db771efe0d,EMPLOYEE_SIGN_OFF_TIME_VIOLATION,"May 10, 2026, 9:05 AM",NA,CLOSED,NA,NA
pinnacle-Slc,"3,000,127",0,cfa253df-d411-a175-3355-135ab3942c57,EMPLOYEE_SIGN_OFF_TIME_VIOLATION,"May 10, 2026, 9:05 AM",NA,CLOSED,NA,NA
pinnacle-Slc,"3,000,128",0,e7bc19d5-0841-2aab-5099-6152f8c03394,EMPLOYEE_SIGN_OFF_TIME_VIOLATION,"May 10, 2026, 9:05 AM",NA,CLOSED,NA,NA
pinnacle-Slc,"3,000,129",0,ecc9789a-8bb5-67dc-c47a-d188c3aeb849,EMPLOYEE_SIGN_OFF_TIME_VIOLATION,"May 10, 2026, 9:05 AM",NA,CLOSED,NA,NA
pinnacle-Slc,"3,000,130",0,c9f47c62-e2f0-c5d3-7748-b0066c5181d6,EMPLOYEE_SIGN_OFF_TIME_VIOLATION,"May 10, 2026, 9:05 AM",NA,CLOSED,NA,NA
pinnacle-Slc,"3,000,131",0,beaa37d7-ebb4-cd9e-c475-682ced26be0d,EMPLOYEE_SIGN_OFF_TIME_VIOLATION,"May 10, 2026, 9:05 AM",NA,CLOSED,NA,NA
pinnacle-Slc,"3,000,132",0,0d555eef-7530-280f-7691-bfe2bc545196,EMPLOYEE_SIGN_OFF_TIME_VIOLATION,"May 10, 2026, 9:05 AM",NA,CLOSED,NA,NA
pinnacle-Slc,"3,000,121",0,ac7b85a3-1ac4-adc5-14d9-0a185ff0a8b6,DEVICE_NOT_REACHABLE,"May 10, 2026, 9:05 AM","May 10, 2026, 9:10 AM",CLOSED,Sev-3,MOBILE
pinnacle-Slc,"3,000,122",0,9de5acfa-f07a-f674-e8ab-a495d3e9c849,EMPLOYEE_GEOFENCE_VIOLATION,"May 10, 2026, 9:05 AM","May 10, 2026, 9:08 AM",CLOSED,False,MOBILE
pinnacle-Slc,"3,000,141",0,7c0ba4d1-eaf3-8f1b-3ec4-15a4674ea900,EMPLOYEE_SIGN_OFF_TIME_VIOLATION,"May 11, 2026, 9:05 AM",NA,CLOSED,NA,NA
pinnacle-Slc,"3,000,142",0,a00f2fc9-0e96-d966-2d8c-dd661000067c,EMPLOYEE_SIGN_OFF_TIME_VIOLATION,"May 11, 2026, 9:05 AM",NA,CLOSED,NA,NA
pinnacle-Slc,"3,000,143",0,f2a69b29-d289-1af4-0f2f-478884ca973f,EMPLOYEE_SIGN_OFF_TIME_VIOLATION,"May 11, 2026, 9:05 AM",NA,CLOSED,NA,NA
pinnacle-Slc,"3,000,144",0,5043f547-ff82-6984-bbf0-02e833dad076,EMPLOYEE_SIGN_OFF_TIME_VIOLATION,"May 11, 2026, 9:05 AM",NA,CLOSED,NA,NA
pinnacle-Slc,"3,000,145",0,e20d7a7c-02fe-e0c9-3c4b-b04b1c76a657,EMPLOYEE_SIGN_OFF_TIME_VIOLATION,"May 11, 2026, 9:05 AM",NA,CLOSED,NA,NA
pinnacle-Slc,"3,000,146",0,157465a5-1030-9efd-b3b9-ab35bc989cfa,EMPLOYEE_SIGN_OFF_TIME_VIOLATION,"May 11, 2026, 9:05 AM",NA,CLOSED,NA,NA
pinnacle-Slc,"3,000,147",0,b089938d-7ca7-30a6-db8a-51402b2f97e4,EMPLOYEE_SIGN_OFF_TIME_VIOLATION,"May 11, 2026, 9:05 AM",NA,CLOSED,NA,NA
pinnacle-Slc,"3,000,148",0,ed3811a0-9aa6-a031-e41e-95dff8b5f1eb,EMPLOYEE_SIGN_OFF_TIME_VIOLATION,"May 11, 2026, 9:05 AM",NA,CLOSED,NA,NA
pinnacle-Slc,"3,000,149",0,301e4a15-21fe-ca54-b09d-72ab9a9908c8,EMPLOYEE_SIGN_OFF_TIME_VIOLATION,"May 11, 2026, 9:05 AM",NA,CLOSED,NA,NA
pinnacle-Slc,"3,000,150",0,43f0438b-e2c8-ba31-7fca-dc7f92b6c89e,EMPLOYEE_SIGN_OFF_TIME_VIOLATION,"May 11, 2026, 9:05 AM",NA,CLOSED,NA,NA
pinnacle-Slc,"3,000,151",0,e6f31690-999d-1b8e-516c-6759c86ca1ad,EMPLOYEE_SIGN_OFF_TIME_VIOLATION,"May 11, 2026, 9:05 AM",NA,CLOSED,NA,NA
pinnacle-Slc,"3,000,152",0,d7dbc891-8593-3135-cef1-ce13b7e348c6,EMPLOYEE_SIGN_OFF_TIME_VIOLATION,"May 11, 2026, 9:05 AM",NA,CLOSED,NA,NA
pinnacle-Slc,"3,000,153",0,f4298902-61ff-4972-0603-34c9bcedf250,EMPLOYEE_SIGN_OFF_TIME_VIOLATION,"May 11, 2026, 9:05 AM",NA,CLOSED,NA,NA
pinnacle-Slc,"3,000,154",0,e692e05e-a154-867f-9d50-6b574d07cd41,EMPLOYEE_SIGN_OFF_TIME_VIOLATION,"May 11, 2026, 9:05 AM",NA,CLOSED,NA,NA
pinnacle-Slc,"3,000,155",0,43c3a04c-a12e-d9ea-f080-441ecb5eabca,EMPLOYEE_SIGN_OFF_TIME_VIOLATION,"May 11, 2026, 9:05 AM",NA,CLOSED,NA,NA
pinnacle-Slc,"3,000,156",0,470c2571-31a4-5fc6-f05c-de2d7a2bd31c,EMPLOYEE_SIGN_OFF_TIME_VIOLATION,"May 11, 2026, 9:05 AM",NA,CLOSED,NA,NA
pinnacle-Slc,"3,000,157",0,f28e1b39-9d88-e6e3-9402-b2217c39f4cf,EMPLOYEE_SIGN_OFF_TIME_VIOLATION,"May 11, 2026, 9:05 AM",NA,CLOSED,NA,NA
pinnacle-Slc,"3,000,158",0,83cfba3a-1305-a6de-ca8a-6de87b88bdfb,EMPLOYEE_SIGN_OFF_TIME_VIOLATION,"May 11, 2026, 9:05 AM",NA,CLOSED,NA,NA
pinnacle-Slc,"3,000,159",0,675a2978-0abe-5593-ef3d-75d0da770ad0,EMPLOYEE_SIGN_OFF_TIME_VIOLATION,"May 11, 2026, 9:05 AM",NA,CLOSED,NA,NA
pinnacle-Slc,"3,000,160",0,dd5b2e15-cf9e-40f6-6a88-d4378148f254,EMPLOYEE_SIGN_OFF_TIME_VIOLATION,"May 11, 2026, 9:05 AM",NA,CLOSED,NA,NA
pinnacle-Slc,"3,000,141",0,dedc4274-4516-8d4d-6070-2a345e8c5f82,EMPLOYEE_SIGN_OFF_TIME_VIOLATION,"May 11, 2026, 9:05 AM",NA,CLOSED,NA,NA
pinnacle-Slc,"3,000,142",0,21ffa493-7cbc-c2a0-77b6-b61d65acfe68,EMPLOYEE_SIGN_OFF_TIME_VIOLATION,"May 11, 2026, 9:05 AM",NA,CLOSED,NA,NA
pinnacle-Slc,"3,000,143",0,f64c5b59-156f-ea6f-e54a-a2be6900e4de,EMPLOYEE_SIGN_OFF_TIME_VIOLATION,"May 11, 2026, 9:05 AM",NA,CLOSED,NA,NA
pinnacle-Slc,"3,000,144",0,3bc93f44-2aec-108f-803d-06b8d34ad836,EMPLOYEE_SIGN_OFF_TIME_VIOLATION,"May 11, 2026, 9:05 AM",NA,CLOSED,NA,NA
pinnacle-Slc,"3,000,145",0,fb88fafc-8740-07ee-c4ef-a84c73087b8b,EMPLOYEE_SIGN_OFF_TIME_VIOLATION,"May 11, 2026, 9:05 AM",NA,CLOSED,NA,NA
pinnacle-Slc,"3,000,146",0,6d2597d3-5bd2-c0ec-b591-1cfbd19f852e,EMPLOYEE_SIGN_OFF_TIME_VIOLATION,"May 11, 2026, 9:05 AM",NA,CLOSED,NA,NA
pinnacle-Slc,"3,000,147",0,5411a75b-6b5b-4118-834e-1400c34b974f,EMPLOYEE_SIGN_OFF_TIME_VIOLATION,"May 11, 2026, 9:05 AM",NA,CLOSED,NA,NA
pinnacle-Slc,"3,000,148",0,f5712f37-6b63-5650-62ca-87e1bc892fe9,EMPLOYEE_SIGN_OFF_TIME_VIOLATION,"May 11, 2026, 9:05 AM",NA,CLOSED,NA,NA
pinnacle-Slc,"3,000,141",0,e83ee349-3187-8eee-245e-524b9ef53d83,DEVICE_NOT_REACHABLE,"May 11, 2026, 9:05 AM","May 11, 2026, 9:10 AM",CLOSED,Sev-3,MOBILE
pinnacle-Slc,"3,000,142",0,e638a9ac-4f5d-6e99-b9ad-30bf5b46a879,EMPLOYEE_GEOFENCE_VIOLATION,"May 11, 2026, 9:05 AM","May 11, 2026, 9:08 AM",CLOSED,False,MOBILE
pinnacle-Slc,"3,000,143",0,3e99cdc3-4293-ac44-01ac-176699045190,PANIC_MOBILE,"May 11, 2026, 9:05 AM","May 11, 2026, 9:07 AM",CLOSED,Sev-1,MOBILE_APP
pinnacle-Slc,"3,000,144",0,b9c790ea-fc0e-d8eb-48a8-179c491b82d0,OVER_SPEEDING,"May 11, 2026, 9:05 AM","May 11, 2026, 9:13 AM",CLOSED,Sev-2,DEVICE
pinnacle-Slc,"3,000,161",0,c7511bb5-9752-c5a0-f51e-0e69c3c9eac2,EMPLOYEE_SIGN_OFF_TIME_VIOLATION,"May 12, 2026, 9:05 AM",NA,CLOSED,NA,NA
pinnacle-Slc,"3,000,162",0,fcce9abe-c283-7582-84a0-705d5bb16e1f,EMPLOYEE_SIGN_OFF_TIME_VIOLATION,"May 12, 2026, 9:05 AM",NA,CLOSED,NA,NA
pinnacle-Slc,"3,000,163",0,367b9af2-c645-6061-3285-ddf364c60a85,EMPLOYEE_SIGN_OFF_TIME_VIOLATION,"May 12, 2026, 9:05 AM",NA,CLOSED,NA,NA
pinnacle-Slc,"3,000,164",0,7ac63766-ef3d-1e92-7738-dbd60b883964,EMPLOYEE_SIGN_OFF_TIME_VIOLATION,"May 12, 2026, 9:05 AM",NA,CLOSED,NA,NA
pinnacle-Slc,"3,000,165",0,08cee8c3-1895-cd5d-8ce0-a73f6a603213,EMPLOYEE_SIGN_OFF_TIME_VIOLATION,"May 12, 2026, 9:05 AM",NA,CLOSED,NA,NA
pinnacle-Slc,"3,000,166",0,d7a0c276-9460-0c09-1d7c-6647b078e289,EMPLOYEE_SIGN_OFF_TIME_VIOLATION,"May 12, 2026, 9:05 AM",NA,CLOSED,NA,NA
pinnacle-Slc,"3,000,167",0,95715605-bb36-05e3-5104-d2f5fdd1bf7a,EMPLOYEE_SIGN_OFF_TIME_VIOLATION,"May 12, 2026, 9:05 AM",NA,CLOSED,NA,NA
pinnacle-Slc,"3,000,168",0,223c6311-879b-06b4-47c8-a927729045de,EMPLOYEE_SIGN_OFF_TIME_VIOLATION,"May 12, 2026, 9:05 AM",NA,CLOSED,NA,NA
pinnacle-Slc,"3,000,169",0,afd501a5-882a-98e5-1fcc-504cf8746e0f,EMPLOYEE_SIGN_OFF_TIME_VIOLATION,"May 12, 2026, 9:05 AM",NA,CLOSED,NA,NA
pinnacle-Slc,"3,000,170",0,654c0e35-06d7-c825-8cde-20de7e721194,EMPLOYEE_SIGN_OFF_TIME_VIOLATION,"May 12, 2026, 9:05 AM",NA,CLOSED,NA,NA
pinnacle-Slc,"3,000,171",0,ab657fcd-aa9e-f462-1b99-8ecb2bfc2ae8,EMPLOYEE_SIGN_OFF_TIME_VIOLATION,"May 12, 2026, 9:05 AM",NA,CLOSED,NA,NA
pinnacle-Slc,"3,000,172",0,96bc49a9-3d38-e246-2557-ebe6cee8ee97,EMPLOYEE_SIGN_OFF_TIME_VIOLATION,"May 12, 2026, 9:05 AM",NA,CLOSED,NA,NA
pinnacle-Slc,"3,000,173",0,e9fc8d73-f5d8-b78f-d825-6d9d8cabb414,EMPLOYEE_SIGN_OFF_TIME_VIOLATION,"May 12, 2026, 9:05 AM",NA,CLOSED,NA,NA
pinnacle-Slc,"3,000,174",0,3835fbcf-8fc7-97db-a6a3-45e3ac19614b,EMPLOYEE_SIGN_OFF_TIME_VIOLATION,"May 12, 2026, 9:05 AM",NA,CLOSED,NA,NA
pinnacle-Slc,"3,000,175",0,e8238c96-31d3-e4ba-8a0f-a0c259218b6d,EMPLOYEE_SIGN_OFF_TIME_VIOLATION,"May 12, 2026, 9:05 AM",NA,CLOSED,NA,NA
pinnacle-Slc,"3,000,176",0,d034eb20-c32d-a521-7722-7abecdf20f80,EMPLOYEE_SIGN_OFF_TIME_VIOLATION,"May 12, 2026, 9:05 AM",NA,CLOSED,NA,NA
pinnacle-Slc,"3,000,177",0,e1c63036-fc33-e881-0f2e-be56b31d9ce3,EMPLOYEE_SIGN_OFF_TIME_VIOLATION,"May 12, 2026, 9:05 AM",NA,CLOSED,NA,NA
pinnacle-Slc,"3,000,178",0,99b88009-8f29-fa14-9111-80c7d80d0e02,EMPLOYEE_SIGN_OFF_TIME_VIOLATION,"May 12, 2026, 9:05 AM",NA,CLOSED,NA,NA
pinnacle-Slc,"3,000,179",0,dc83e506-24c8-f128-9f77-e3a08318bcf4,EMPLOYEE_SIGN_OFF_TIME_VIOLATION,"May 12, 2026, 9:05 AM",NA,CLOSED,NA,NA
pinnacle-Slc,"3,000,180",0,4d0d5e8a-cabc-e014-3b1e-20cf478321db,EMPLOYEE_SIGN_OFF_TIME_VIOLATION,"May 12, 2026, 9:05 AM",NA,CLOSED,NA,NA
pinnacle-Slc,"3,000,161",0,1aa457da-b87c-74e5-88ba-9ffb3aa3f77f,EMPLOYEE_SIGN_OFF_TIME_VIOLATION,"May 12, 2026, 9:05 AM",NA,CLOSED,NA,NA
pinnacle-Slc,"3,000,162",0,af4b1f89-b9e9-18d5-bb19-da52884b838f,EMPLOYEE_SIGN_OFF_TIME_VIOLATION,"May 12, 2026, 9:05 AM",NA,CLOSED,NA,NA
pinnacle-Slc,"3,000,163",0,3af48e42-b167-ef6a-cb94-185541422022,EMPLOYEE_SIGN_OFF_TIME_VIOLATION,"May 12, 2026, 9:05 AM",NA,CLOSED,NA,NA
pinnacle-Slc,"3,000,164",0,7ec76c05-88f6-0077-38c6-cb365f67ae77,EMPLOYEE_SIGN_OFF_TIME_VIOLATION,"May 12, 2026, 9:05 AM",NA,CLOSED,NA,NA
pinnacle-Slc,"3,000,165",0,35d436c6-6976-eac7-1fa0-69104d1cdd05,EMPLOYEE_SIGN_OFF_TIME_VIOLATION,"May 12, 2026, 9:05 AM",NA,CLOSED,NA,NA
pinnacle-Slc,"3,000,166",0,1253743c-ef4c-224d-d9f5-49ac86466216,EMPLOYEE_SIGN_OFF_TIME_VIOLATION,"May 12, 2026, 9:05 AM",NA,CLOSED,NA,NA
pinnacle-Slc,"3,000,167",0,67d681bd-f4ae-727c-df3d-de2566d2c871,EMPLOYEE_SIGN_OFF_TIME_VIOLATION,"May 12, 2026, 9:05 AM",NA,CLOSED,NA,NA
pinnacle-Slc,"3,000,168",0,df7e0665-57a6-fb42-0083-531bcc01f217,EMPLOYEE_SIGN_OFF_TIME_VIOLATION,"May 12, 2026, 9:05 AM",NA,CLOSED,NA,NA
pinnacle-Slc,"3,000,161",0,a7dd882b-682a-f6b3-09be-15059e9c6d74,DEVICE_NOT_REACHABLE,"May 12, 2026, 9:05 AM","May 12, 2026, 9:10 AM",CLOSED,Sev-3,MOBILE
pinnacle-Slc,"3,000,162",0,7ba687c0-8faa-1ccb-ddde-3d31a6122145,EMPLOYEE_GEOFENCE_VIOLATION,"May 12, 2026, 9:05 AM","May 12, 2026, 9:08 AM",CLOSED,False,MOBILE
pinnacle-Slc,"3,000,181",0,d6c9bbd1-be15-40d9-965e-6a7a8ac0492c,EMPLOYEE_SIGN_OFF_TIME_VIOLATION,"May 13, 2026, 9:05 AM",NA,CLOSED,NA,NA
pinnacle-Slc,"3,000,182",0,c8456884-acec-0e94-d82f-397e363a8562,EMPLOYEE_SIGN_OFF_TIME_VIOLATION,"May 13, 2026, 9:05 AM",NA,CLOSED,NA,NA
pinnacle-Slc,"3,000,183",0,efa7dc6a-e9b7-8b64-9941-43df087fecdb,EMPLOYEE_SIGN_OFF_TIME_VIOLATION,"May 13, 2026, 9:05 AM",NA,CLOSED,NA,NA
pinnacle-Slc,"3,000,184",0,e6c09544-135a-052d-dd9c-78aaba282a37,EMPLOYEE_SIGN_OFF_TIME_VIOLATION,"May 13, 2026, 9:05 AM",NA,CLOSED,NA,NA
pinnacle-Slc,"3,000,185",0,ef595fd0-2e8a-1703-5046-03c291991354,EMPLOYEE_SIGN_OFF_TIME_VIOLATION,"May 13, 2026, 9:05 AM",NA,CLOSED,NA,NA
pinnacle-Slc,"3,000,186",0,f571c53c-e7be-a0fe-3ca6-2eca0c4d5ca9,EMPLOYEE_SIGN_OFF_TIME_VIOLATION,"May 13, 2026, 9:05 AM",NA,CLOSED,NA,NA
pinnacle-Slc,"3,000,187",0,09b9421a-81fb-2136-1ac1-d7bb17de75b5,EMPLOYEE_SIGN_OFF_TIME_VIOLATION,"May 13, 2026, 9:05 AM",NA,CLOSED,NA,NA
pinnacle-Slc,"3,000,188",0,2d0b8aab-3a9b-52a2-1656-5c69ce9bff13,EMPLOYEE_SIGN_OFF_TIME_VIOLATION,"May 13, 2026, 9:05 AM",NA,CLOSED,NA,NA
pinnacle-Slc,"3,000,189",0,17480dd6-8f0d-979f-6ff2-57766622e281,EMPLOYEE_SIGN_OFF_TIME_VIOLATION,"May 13, 2026, 9:05 AM",NA,CLOSED,NA,NA
pinnacle-Slc,"3,000,190",0,5b191733-727d-4ee7-cde5-1c11008a98e1,EMPLOYEE_SIGN_OFF_TIME_VIOLATION,"May 13, 2026, 9:05 AM",NA,CLOSED,NA,NA
pinnacle-Slc,"3,000,191",0,4da7f430-a10e-1364-ad79-a3cfcdab9ea6,EMPLOYEE_SIGN_OFF_TIME_VIOLATION,"May 13, 2026, 9:05 AM",NA,CLOSED,NA,NA
pinnacle-Slc,"3,000,192",0,1bb3edf8-df22-a3aa-8feb-9fbb094e3c44,EMPLOYEE_SIGN_OFF_TIME_VIOLATION,"May 13, 2026, 9:05 AM",NA,CLOSED,NA,NA
pinnacle-Slc,"3,000,193",0,df3e1069-66cc-ed78-2370-68e1622d0d3b,EMPLOYEE_SIGN_OFF_TIME_VIOLATION,"May 13, 2026, 9:05 AM",NA,CLOSED,NA,NA
pinnacle-Slc,"3,000,194",0,2e3fef35-b772-3ecd-91da-1214d07fb256,EMPLOYEE_SIGN_OFF_TIME_VIOLATION,"May 13, 2026, 9:05 AM",NA,CLOSED,NA,NA
pinnacle-Slc,"3,000,195",0,b1d341f0-5c5b-e23f-2fa7-8672ad8b4209,EMPLOYEE_SIGN_OFF_TIME_VIOLATION,"May 13, 2026, 9:05 AM",NA,CLOSED,NA,NA
pinnacle-Slc,"3,000,196",0,82865cd7-74f9-6d5c-1427-d8b6159b9750,EMPLOYEE_SIGN_OFF_TIME_VIOLATION,"May 13, 2026, 9:05 AM",NA,CLOSED,NA,NA
pinnacle-Slc,"3,000,197",0,9a2e4a90-587a-057d-4000-e4d2cc703307,EMPLOYEE_SIGN_OFF_TIME_VIOLATION,"May 13, 2026, 9:05 AM",NA,CLOSED,NA,NA
pinnacle-Slc,"3,000,198",0,f6ecb0d8-3933-0bd9-47dd-ce633857e924,EMPLOYEE_SIGN_OFF_TIME_VIOLATION,"May 13, 2026, 9:05 AM",NA,CLOSED,NA,NA
pinnacle-Slc,"3,000,199",0,38bf05f8-3963-61b1-fbe2-8fde470f210e,EMPLOYEE_SIGN_OFF_TIME_VIOLATION,"May 13, 2026, 9:05 AM",NA,CLOSED,NA,NA
pinnacle-Slc,"3,000,200",0,2e90f7fb-cfee-cf28-5604-083410f11894,EMPLOYEE_SIGN_OFF_TIME_VIOLATION,"May 13, 2026, 9:05 AM",NA,CLOSED,NA,NA
pinnacle-Slc,"3,000,181",0,a927e476-9f8e-64a4-500f-19ab343b9770,EMPLOYEE_SIGN_OFF_TIME_VIOLATION,"May 13, 2026, 9:05 AM",NA,CLOSED,NA,NA
pinnacle-Slc,"3,000,182",0,7ddfd9c4-ea26-4c51-c838-5c41dd621f09,EMPLOYEE_SIGN_OFF_TIME_VIOLATION,"May 13, 2026, 9:05 AM",NA,CLOSED,NA,NA
pinnacle-Slc,"3,000,183",0,a3c71dec-c3b7-d7dc-ad4e-fed83fede6e2,EMPLOYEE_SIGN_OFF_TIME_VIOLATION,"May 13, 2026, 9:05 AM",NA,CLOSED,NA,NA
pinnacle-Slc,"3,000,184",0,38c9078f-9a1b-e0b4-5937-14cd1df3ab0c,EMPLOYEE_SIGN_OFF_TIME_VIOLATION,"May 13, 2026, 9:05 AM",NA,CLOSED,NA,NA
pinnacle-Slc,"3,000,185",0,158a717a-4c4f-5943-2608-f486c18c5260,EMPLOYEE_SIGN_OFF_TIME_VIOLATION,"May 13, 2026, 9:05 AM",NA,CLOSED,NA,NA
pinnacle-Slc,"3,000,186",0,9381af41-eb4e-313d-b1e6-e3603a70453f,EMPLOYEE_SIGN_OFF_TIME_VIOLATION,"May 13, 2026, 9:05 AM",NA,CLOSED,NA,NA
pinnacle-Slc,"3,000,187",0,e631d5a6-9e79-1cc3-e39d-bd28009dbed1,EMPLOYEE_SIGN_OFF_TIME_VIOLATION,"May 13, 2026, 9:05 AM",NA,CLOSED,NA,NA
pinnacle-Slc,"3,000,188",0,6f160104-9317-3951-ff4e-5571cb33aded,EMPLOYEE_SIGN_OFF_TIME_VIOLATION,"May 13, 2026, 9:05 AM",NA,CLOSED,NA,NA
pinnacle-Slc,"3,000,181",0,0d424bc8-7338-ebce-1eb1-4fbc3b6f7d0b,DEVICE_NOT_REACHABLE,"May 13, 2026, 9:05 AM","May 13, 2026, 9:10 AM",CLOSED,Sev-3,MOBILE
pinnacle-Slc,"3,000,182",0,f8391ca4-7388-fb61-a1a8-f4574a24d199,EMPLOYEE_GEOFENCE_VIOLATION,"May 13, 2026, 9:05 AM","May 13, 2026, 9:08 AM",CLOSED,False,MOBILE
pinnacle-Slc,"3,000,201",0,e3e3c13e-416b-9078-91f0-c9f97dfaa269,EMPLOYEE_SIGN_OFF_TIME_VIOLATION,"May 14, 2026, 9:05 AM",NA,CLOSED,NA,NA
pinnacle-Slc,"3,000,202",0,c7b26527-6723-2484-ccbe-91019ac616ca,EMPLOYEE_SIGN_OFF_TIME_VIOLATION,"May 14, 2026, 9:05 AM",NA,CLOSED,NA,NA
pinnacle-Slc,"3,000,203",0,64478c74-cbae-adc4-b8de-328924aba956,EMPLOYEE_SIGN_OFF_TIME_VIOLATION,"May 14, 2026, 9:05 AM",NA,CLOSED,NA,NA
pinnacle-Slc,"3,000,204",0,6104fbaa-9dab-b512-57a8-442da8e69a25,EMPLOYEE_SIGN_OFF_TIME_VIOLATION,"May 14, 2026, 9:05 AM",NA,CLOSED,NA,NA
pinnacle-Slc,"3,000,205",0,e8f1d014-3d5d-af99-bac7-a67e5df95d68,EMPLOYEE_SIGN_OFF_TIME_VIOLATION,"May 14, 2026, 9:05 AM",NA,CLOSED,NA,NA
pinnacle-Slc,"3,000,206",0,1ed26529-ac6f-2462-cd7f-9cf57a23fd5a,EMPLOYEE_SIGN_OFF_TIME_VIOLATION,"May 14, 2026, 9:05 AM",NA,CLOSED,NA,NA
pinnacle-Slc,"3,000,207",0,3c67bc4e-9d8a-7d6c-9492-7de1560e483f,EMPLOYEE_SIGN_OFF_TIME_VIOLATION,"May 14, 2026, 9:05 AM",NA,CLOSED,NA,NA
pinnacle-Slc,"3,000,208",0,d7b6eb60-d283-bfee-5039-44e87b027955,EMPLOYEE_SIGN_OFF_TIME_VIOLATION,"May 14, 2026, 9:05 AM",NA,CLOSED,NA,NA
pinnacle-Slc,"3,000,209",0,71a3e99f-0a8d-759a-c5c8-42cab7dc68da,EMPLOYEE_SIGN_OFF_TIME_VIOLATION,"May 14, 2026, 9:05 AM",NA,CLOSED,NA,NA
pinnacle-Slc,"3,000,210",0,0602f233-0248-fc25-3568-ad05a4d6621a,EMPLOYEE_SIGN_OFF_TIME_VIOLATION,"May 14, 2026, 9:05 AM",NA,CLOSED,NA,NA
pinnacle-Slc,"3,000,211",0,41131375-a665-1f2d-f72a-be6f5208463f,EMPLOYEE_SIGN_OFF_TIME_VIOLATION,"May 14, 2026, 9:05 AM",NA,CLOSED,NA,NA
pinnacle-Slc,"3,000,212",0,4a1bf96e-7088-f6c3-7827-2d981d67713b,EMPLOYEE_SIGN_OFF_TIME_VIOLATION,"May 14, 2026, 9:05 AM",NA,CLOSED,NA,NA
pinnacle-Slc,"3,000,213",0,ff2dfee6-478d-34d8-493e-427e3433a74a,EMPLOYEE_SIGN_OFF_TIME_VIOLATION,"May 14, 2026, 9:05 AM",NA,CLOSED,NA,NA
pinnacle-Slc,"3,000,214",0,ffe56bb8-8bcb-6ac2-cb0a-0453994e32ef,EMPLOYEE_SIGN_OFF_TIME_VIOLATION,"May 14, 2026, 9:05 AM",NA,CLOSED,NA,NA
pinnacle-Slc,"3,000,215",0,56dbdb95-2f20-b7fd-5c90-d5ae52e374db,EMPLOYEE_SIGN_OFF_TIME_VIOLATION,"May 14, 2026, 9:05 AM",NA,CLOSED,NA,NA
pinnacle-Slc,"3,000,216",0,783613ee-fc33-71d2-7719-63d32302639f,EMPLOYEE_SIGN_OFF_TIME_VIOLATION,"May 14, 2026, 9:05 AM",NA,CLOSED,NA,NA
pinnacle-Slc,"3,000,217",0,7430dee5-e405-494b-7cf1-18045d15ee28,EMPLOYEE_SIGN_OFF_TIME_VIOLATION,"May 14, 2026, 9:05 AM",NA,CLOSED,NA,NA
pinnacle-Slc,"3,000,218",0,726e2a45-70bc-720c-1de2-6ac28beb2baf,EMPLOYEE_SIGN_OFF_TIME_VIOLATION,"May 14, 2026, 9:05 AM",NA,CLOSED,NA,NA
pinnacle-Slc,"3,000,219",0,f4eea3e0-7818-883c-8318-a9c33d765338,EMPLOYEE_SIGN_OFF_TIME_VIOLATION,"May 14, 2026, 9:05 AM",NA,CLOSED,NA,NA
pinnacle-Slc,"3,000,220",0,eb87e6b7-5819-5e60-fbb1-1525475dc237,EMPLOYEE_SIGN_OFF_TIME_VIOLATION,"May 14, 2026, 9:05 AM",NA,CLOSED,NA,NA
pinnacle-Slc,"3,000,201",0,c46fccec-b3e9-3b92-0440-368ea3744ab9,EMPLOYEE_SIGN_OFF_TIME_VIOLATION,"May 14, 2026, 9:05 AM",NA,CLOSED,NA,NA
pinnacle-Slc,"3,000,202",0,b2dbf3d6-113c-3cfb-b873-f89c867c0c74,EMPLOYEE_SIGN_OFF_TIME_VIOLATION,"May 14, 2026, 9:05 AM",NA,CLOSED,NA,NA
pinnacle-Slc,"3,000,203",0,012bac2e-4f32-7c92-5186-36bfb3d47cbc,EMPLOYEE_SIGN_OFF_TIME_VIOLATION,"May 14, 2026, 9:05 AM",NA,CLOSED,NA,NA
pinnacle-Slc,"3,000,204",0,5cb777e5-56b8-ad19-761a-8b439d67e38c,EMPLOYEE_SIGN_OFF_TIME_VIOLATION,"May 14, 2026, 9:05 AM",NA,CLOSED,NA,NA
pinnacle-Slc,"3,000,205",0,6de21ee8-6bd1-f51c-f0a9-e631752531b9,EMPLOYEE_SIGN_OFF_TIME_VIOLATION,"May 14, 2026, 9:05 AM",NA,CLOSED,NA,NA
pinnacle-Slc,"3,000,206",0,e4453cbe-52da-75ec-55ee-e369c36556ff,EMPLOYEE_SIGN_OFF_TIME_VIOLATION,"May 14, 2026, 9:05 AM",NA,CLOSED,NA,NA
pinnacle-Slc,"3,000,207",0,bff89e82-12a1-71db-c32f-a91f78c0db9b,EMPLOYEE_SIGN_OFF_TIME_VIOLATION,"May 14, 2026, 9:05 AM",NA,CLOSED,NA,NA
pinnacle-Slc,"3,000,208",0,8e757599-7932-5617-6055-be0a14f63e4c,EMPLOYEE_SIGN_OFF_TIME_VIOLATION,"May 14, 2026, 9:05 AM",NA,CLOSED,NA,NA
pinnacle-Slc,"3,000,201",0,f42e6fd7-d3a7-23e4-18f0-abe81c03ba77,DEVICE_NOT_REACHABLE,"May 14, 2026, 9:05 AM","May 14, 2026, 9:10 AM",CLOSED,Sev-3,MOBILE
pinnacle-Slc,"3,000,202",0,cc75b2a7-7a0e-32a0-7775-27b1dbd6227f,EMPLOYEE_GEOFENCE_VIOLATION,"May 14, 2026, 9:05 AM","May 14, 2026, 9:08 AM",CLOSED,False,MOBILE
pinnacle-Slc,"3,000,221",0,97103d06-085b-a16c-c0ff-a9d8f69cc386,EMPLOYEE_SIGN_OFF_TIME_VIOLATION,"May 15, 2026, 9:05 AM",NA,CLOSED,NA,NA
pinnacle-Slc,"3,000,222",0,95e4c463-ba0d-6117-94b0-418aa3212688,EMPLOYEE_SIGN_OFF_TIME_VIOLATION,"May 15, 2026, 9:05 AM",NA,CLOSED,NA,NA
pinnacle-Slc,"3,000,223",0,5445da6b-6c78-cd38-65df-357bb2a63021,EMPLOYEE_SIGN_OFF_TIME_VIOLATION,"May 15, 2026, 9:05 AM",NA,CLOSED,NA,NA
pinnacle-Slc,"3,000,224",0,00de1480-bd33-caa2-f6b6-3c142a99c96c,EMPLOYEE_SIGN_OFF_TIME_VIOLATION,"May 15, 2026, 9:05 AM",NA,CLOSED,NA,NA
pinnacle-Slc,"3,000,225",0,967a1379-f23b-6567-4c77-fe7cca76c287,EMPLOYEE_SIGN_OFF_TIME_VIOLATION,"May 15, 2026, 9:05 AM",NA,CLOSED,NA,NA
pinnacle-Slc,"3,000,226",0,362cd8fe-f5fb-482c-9523-7123f2190009,EMPLOYEE_SIGN_OFF_TIME_VIOLATION,"May 15, 2026, 9:05 AM",NA,CLOSED,NA,NA
pinnacle-Slc,"3,000,227",0,729b2e4d-831b-3369-db59-e6a8a1a462ef,EMPLOYEE_SIGN_OFF_TIME_VIOLATION,"May 15, 2026, 9:05 AM",NA,CLOSED,NA,NA
pinnacle-Slc,"3,000,228",0,d8f06041-f343-c972-0bcd-d7eab85ace82,EMPLOYEE_SIGN_OFF_TIME_VIOLATION,"May 15, 2026, 9:05 AM",NA,CLOSED,NA,NA
pinnacle-Slc,"3,000,229",0,b8f5c2e4-f216-eebd-d3ca-4871a487dc38,EMPLOYEE_SIGN_OFF_TIME_VIOLATION,"May 15, 2026, 9:05 AM",NA,CLOSED,NA,NA
pinnacle-Slc,"3,000,230",0,0371bff3-94db-f52c-694e-862bb5e71107,EMPLOYEE_SIGN_OFF_TIME_VIOLATION,"May 15, 2026, 9:05 AM",NA,CLOSED,NA,NA
pinnacle-Slc,"3,000,231",0,f525eb0f-100e-5fd6-3d71-654533a1f194,EMPLOYEE_SIGN_OFF_TIME_VIOLATION,"May 15, 2026, 9:05 AM",NA,CLOSED,NA,NA
pinnacle-Slc,"3,000,232",0,f610d7f2-a5a2-fdfe-0ea7-f52f81dc5361,EMPLOYEE_SIGN_OFF_TIME_VIOLATION,"May 15, 2026, 9:05 AM",NA,CLOSED,NA,NA
pinnacle-Slc,"3,000,233",0,98f84d5e-2038-f4eb-50f0-eaef18b4137a,EMPLOYEE_SIGN_OFF_TIME_VIOLATION,"May 15, 2026, 9:05 AM",NA,CLOSED,NA,NA
pinnacle-Slc,"3,000,234",0,93868e83-54f6-275b-6650-50e7ef99fd8d,EMPLOYEE_SIGN_OFF_TIME_VIOLATION,"May 15, 2026, 9:05 AM",NA,CLOSED,NA,NA
pinnacle-Slc,"3,000,235",0,f3aa57a5-947a-35f5-bacd-d8a138ed57dd,EMPLOYEE_SIGN_OFF_TIME_VIOLATION,"May 15, 2026, 9:05 AM",NA,CLOSED,NA,NA
pinnacle-Slc,"3,000,236",0,c703c3dd-1a48-fa9a-e363-82b7d244b063,EMPLOYEE_SIGN_OFF_TIME_VIOLATION,"May 15, 2026, 9:05 AM",NA,CLOSED,NA,NA
pinnacle-Slc,"3,000,237",0,fc01e69d-9191-5f9c-b347-4874384b7963,EMPLOYEE_SIGN_OFF_TIME_VIOLATION,"May 15, 2026, 9:05 AM",NA,CLOSED,NA,NA
pinnacle-Slc,"3,000,238",0,3f3577e2-8817-0552-24dc-5c935a266216,EMPLOYEE_SIGN_OFF_TIME_VIOLATION,"May 15, 2026, 9:05 AM",NA,CLOSED,NA,NA
pinnacle-Slc,"3,000,239",0,a73e2f6d-d157-0987-e05a-0f9e36365988,EMPLOYEE_SIGN_OFF_TIME_VIOLATION,"May 15, 2026, 9:05 AM",NA,CLOSED,NA,NA
pinnacle-Slc,"3,000,240",0,a3f5b1ac-820a-d02a-2d62-494ddbbdd797,EMPLOYEE_SIGN_OFF_TIME_VIOLATION,"May 15, 2026, 9:05 AM",NA,CLOSED,NA,NA
pinnacle-Slc,"3,000,221",0,74d85156-9ee0-4f15-3e1e-67b0c1502b53,EMPLOYEE_SIGN_OFF_TIME_VIOLATION,"May 15, 2026, 9:05 AM",NA,CLOSED,NA,NA
pinnacle-Slc,"3,000,222",0,62cfa292-d901-688a-58b3-52eb3d9f0339,EMPLOYEE_SIGN_OFF_TIME_VIOLATION,"May 15, 2026, 9:05 AM",NA,CLOSED,NA,NA
pinnacle-Slc,"3,000,223",0,9bfb4c8f-7a22-3b48-3b2a-0b02d4de6bf0,EMPLOYEE_SIGN_OFF_TIME_VIOLATION,"May 15, 2026, 9:05 AM",NA,CLOSED,NA,NA
pinnacle-Slc,"3,000,224",0,8292a2a8-7897-f487-5cde-80e6471a6c36,EMPLOYEE_SIGN_OFF_TIME_VIOLATION,"May 15, 2026, 9:05 AM",NA,CLOSED,NA,NA
pinnacle-Slc,"3,000,225",0,9cbf80d3-70ac-132a-ea10-1df0915ab8bf,EMPLOYEE_SIGN_OFF_TIME_VIOLATION,"May 15, 2026, 9:05 AM",NA,CLOSED,NA,NA
pinnacle-Slc,"3,000,226",0,7c052581-70b0-7ec8-6cc8-57d03b8ff992,EMPLOYEE_SIGN_OFF_TIME_VIOLATION,"May 15, 2026, 9:05 AM",NA,CLOSED,NA,NA
pinnacle-Slc,"3,000,227",0,983e2183-bdb2-c554-6923-defa5b6104e2,EMPLOYEE_SIGN_OFF_TIME_VIOLATION,"May 15, 2026, 9:05 AM",NA,CLOSED,NA,NA
pinnacle-Slc,"3,000,228",0,abcb7658-1a79-e3c5-0d2d-1bf4cda13957,EMPLOYEE_SIGN_OFF_TIME_VIOLATION,"May 15, 2026, 9:05 AM",NA,CLOSED,NA,NA
pinnacle-Slc,"3,000,221",0,e34eb007-c4f6-ac22-a96a-0c87b64eda76,DEVICE_NOT_REACHABLE,"May 15, 2026, 9:05 AM","May 15, 2026, 9:10 AM",CLOSED,Sev-3,MOBILE
pinnacle-Slc,"3,000,222",0,37d4ae4b-bd6d-6db8-a02a-651bdcf2dd21,EMPLOYEE_GEOFENCE_VIOLATION,"May 15, 2026, 9:05 AM","May 15, 2026, 9:08 AM",CLOSED,False,MOBILE
pinnacle-Slc,"3,000,241",0,9da152ff-b2c6-fe24-6582-5928ed037f16,EMPLOYEE_SIGN_OFF_TIME_VIOLATION,"May 16, 2026, 9:05 AM",NA,CLOSED,NA,NA
pinnacle-Slc,"3,000,242",0,67b1f51b-a3a2-d5d4-1b0a-1924c5ee7917,EMPLOYEE_SIGN_OFF_TIME_VIOLATION,"May 16, 2026, 9:05 AM",NA,CLOSED,NA,NA
pinnacle-Slc,"3,000,243",0,62a4b78c-c268-8819-d12a-3389b7584c6b,EMPLOYEE_SIGN_OFF_TIME_VIOLATION,"May 16, 2026, 9:05 AM",NA,CLOSED,NA,NA
pinnacle-Slc,"3,000,244",0,b5fed30a-16df-33e1-6945-3deaca977db6,EMPLOYEE_SIGN_OFF_TIME_VIOLATION,"May 16, 2026, 9:05 AM",NA,CLOSED,NA,NA
pinnacle-Slc,"3,000,245",0,76d144a7-e0e2-bad5-75a4-d07da1db8593,EMPLOYEE_SIGN_OFF_TIME_VIOLATION,"May 16, 2026, 9:05 AM",NA,CLOSED,NA,NA
pinnacle-Slc,"3,000,246",0,3f0a3eab-e5c3-eaab-bd8b-f0b338b0e29f,EMPLOYEE_SIGN_OFF_TIME_VIOLATION,"May 16, 2026, 9:05 AM",NA,CLOSED,NA,NA
pinnacle-Slc,"3,000,247",0,60f8d18a-7c56-0a2f-50dc-bf6213a0e31f,EMPLOYEE_SIGN_OFF_TIME_VIOLATION,"May 16, 2026, 9:05 AM",NA,CLOSED,NA,NA
pinnacle-Slc,"3,000,248",0,1d23a446-4bdf-94ad-c535-35cb75d58dda,EMPLOYEE_SIGN_OFF_TIME_VIOLATION,"May 16, 2026, 9:05 AM",NA,CLOSED,NA,NA
pinnacle-Slc,"3,000,249",0,63fd4b1e-3568-5a0d-4c95-4136aa2b67be,EMPLOYEE_SIGN_OFF_TIME_VIOLATION,"May 16, 2026, 9:05 AM",NA,CLOSED,NA,NA
pinnacle-Slc,"3,000,250",0,af229823-a1bb-e53f-aa0c-8bc96daedc77,EMPLOYEE_SIGN_OFF_TIME_VIOLATION,"May 16, 2026, 9:05 AM",NA,CLOSED,NA,NA
pinnacle-Slc,"3,000,251",0,06faf7be-677d-0ec0-b2e4-67c7b4b095a5,EMPLOYEE_SIGN_OFF_TIME_VIOLATION,"May 16, 2026, 9:05 AM",NA,CLOSED,NA,NA
pinnacle-Slc,"3,000,252",0,14923585-b034-ced9-4a78-1cae7f01bf26,EMPLOYEE_SIGN_OFF_TIME_VIOLATION,"May 16, 2026, 9:05 AM",NA,CLOSED,NA,NA
pinnacle-Slc,"3,000,253",0,c8a0919c-35e5-2713-6c24-1c022e74fbce,EMPLOYEE_SIGN_OFF_TIME_VIOLATION,"May 16, 2026, 9:05 AM",NA,CLOSED,NA,NA
pinnacle-Slc,"3,000,254",0,4a883fac-7f85-8873-a9b6-ceef0e12f173,EMPLOYEE_SIGN_OFF_TIME_VIOLATION,"May 16, 2026, 9:05 AM",NA,CLOSED,NA,NA
pinnacle-Slc,"3,000,255",0,f5cd4b40-7f9c-f7af-71c7-61afa693e856,EMPLOYEE_SIGN_OFF_TIME_VIOLATION,"May 16, 2026, 9:05 AM",NA,CLOSED,NA,NA
pinnacle-Slc,"3,000,256",0,0cd693e9-4277-dc7c-08da-fd2d183b381c,EMPLOYEE_SIGN_OFF_TIME_VIOLATION,"May 16, 2026, 9:05 AM",NA,CLOSED,NA,NA
pinnacle-Slc,"3,000,257",0,29d25259-18bb-007c-0867-83b9e5bf2d0b,EMPLOYEE_SIGN_OFF_TIME_VIOLATION,"May 16, 2026, 9:05 AM",NA,CLOSED,NA,NA
pinnacle-Slc,"3,000,258",0,eef3ead0-9de8-caf0-3821-46f5753df959,EMPLOYEE_SIGN_OFF_TIME_VIOLATION,"May 16, 2026, 9:05 AM",NA,CLOSED,NA,NA
pinnacle-Slc,"3,000,259",0,eb0ee9c1-18af-2c15-aa3b-22aae0fb0a68,EMPLOYEE_SIGN_OFF_TIME_VIOLATION,"May 16, 2026, 9:05 AM",NA,CLOSED,NA,NA
pinnacle-Slc,"3,000,260",0,7afeaa83-8146-6fa5-f799-32afdd4bbd58,EMPLOYEE_SIGN_OFF_TIME_VIOLATION,"May 16, 2026, 9:05 AM",NA,CLOSED,NA,NA
pinnacle-Slc,"3,000,241",0,5b42daa5-2793-cb28-3e64-97aea23448d1,EMPLOYEE_SIGN_OFF_TIME_VIOLATION,"May 16, 2026, 9:05 AM",NA,CLOSED,NA,NA
pinnacle-Slc,"3,000,242",0,075a1ddf-218f-d0d7-92b1-eac297a1559f,EMPLOYEE_SIGN_OFF_TIME_VIOLATION,"May 16, 2026, 9:05 AM",NA,CLOSED,NA,NA
pinnacle-Slc,"3,000,243",0,428a68c3-1811-327c-2310-0f00b73f5912,EMPLOYEE_SIGN_OFF_TIME_VIOLATION,"May 16, 2026, 9:05 AM",NA,CLOSED,NA,NA
pinnacle-Slc,"3,000,244",0,afb21ccd-9610-bdd0-f075-c1ef89eb0ced,EMPLOYEE_SIGN_OFF_TIME_VIOLATION,"May 16, 2026, 9:05 AM",NA,CLOSED,NA,NA
pinnacle-Slc,"3,000,245",0,2f2270b7-6afc-f3d3-e284-ebb7b7fa4fbc,EMPLOYEE_SIGN_OFF_TIME_VIOLATION,"May 16, 2026, 9:05 AM",NA,CLOSED,NA,NA
pinnacle-Slc,"3,000,246",0,e3117681-9bd5-4e16-723d-f1cc13bd80c3,EMPLOYEE_SIGN_OFF_TIME_VIOLATION,"May 16, 2026, 9:05 AM",NA,CLOSED,NA,NA
pinnacle-Slc,"3,000,247",0,34256913-a133-aa13-de06-a138d5d4eea6,EMPLOYEE_SIGN_OFF_TIME_VIOLATION,"May 16, 2026, 9:05 AM",NA,CLOSED,NA,NA
pinnacle-Slc,"3,000,248",0,13329c21-e281-d539-092a-a12a9f8c209f,EMPLOYEE_SIGN_OFF_TIME_VIOLATION,"May 16, 2026, 9:05 AM",NA,CLOSED,NA,NA
pinnacle-Slc,"3,000,241",0,c04e5136-3d5d-89c2-da77-b2df34a70dbd,DEVICE_NOT_REACHABLE,"May 16, 2026, 9:05 AM","May 16, 2026, 9:10 AM",CLOSED,Sev-3,MOBILE
pinnacle-Slc,"3,000,242",0,9c26a704-f589-10d5-3aba-62cd867ad09d,EMPLOYEE_GEOFENCE_VIOLATION,"May 16, 2026, 9:05 AM","May 16, 2026, 9:08 AM",CLOSED,False,MOBILE
pinnacle-Slc,"3,000,261",0,cb5a5269-553c-385e-ceea-df7a8e62f9c1,EMPLOYEE_SIGN_OFF_TIME_VIOLATION,"May 17, 2026, 9:05 AM",NA,CLOSED,NA,NA
pinnacle-Slc,"3,000,262",0,aa249699-b59a-aa74-edb7-318938730d5d,EMPLOYEE_SIGN_OFF_TIME_VIOLATION,"May 17, 2026, 9:05 AM",NA,CLOSED,NA,NA
pinnacle-Slc,"3,000,263",0,bf0ac759-8457-1c0a-fdf9-8aaba89306e1,EMPLOYEE_SIGN_OFF_TIME_VIOLATION,"May 17, 2026, 9:05 AM",NA,CLOSED,NA,NA
pinnacle-Slc,"3,000,264",0,55e49a45-87e7-5383-05ee-fdf3ddb85d7a,EMPLOYEE_SIGN_OFF_TIME_VIOLATION,"May 17, 2026, 9:05 AM",NA,CLOSED,NA,NA
pinnacle-Slc,"3,000,265",0,6840d78b-6102-4306-4398-0334959d4ff1,EMPLOYEE_SIGN_OFF_TIME_VIOLATION,"May 17, 2026, 9:05 AM",NA,CLOSED,NA,NA
pinnacle-Slc,"3,000,266",0,153dd829-add8-1c22-560e-19063b74c84c,EMPLOYEE_SIGN_OFF_TIME_VIOLATION,"May 17, 2026, 9:05 AM",NA,CLOSED,NA,NA
pinnacle-Slc,"3,000,267",0,27908168-0954-c543-a150-403d7900d22f,EMPLOYEE_SIGN_OFF_TIME_VIOLATION,"May 17, 2026, 9:05 AM",NA,CLOSED,NA,NA
pinnacle-Slc,"3,000,268",0,d40a22ce-df5c-275e-c397-81217fb3f546,EMPLOYEE_SIGN_OFF_TIME_VIOLATION,"May 17, 2026, 9:05 AM",NA,CLOSED,NA,NA
pinnacle-Slc,"3,000,269",0,20036114-6c1b-b68f-3dac-0f05ae91610b,EMPLOYEE_SIGN_OFF_TIME_VIOLATION,"May 17, 2026, 9:05 AM",NA,CLOSED,NA,NA
pinnacle-Slc,"3,000,270",0,52c3c65e-0774-2b96-092c-cc093e50964b,EMPLOYEE_SIGN_OFF_TIME_VIOLATION,"May 17, 2026, 9:05 AM",NA,CLOSED,NA,NA
pinnacle-Slc,"3,000,271",0,358e360e-fff8-09ad-db1d-6854705136a4,EMPLOYEE_SIGN_OFF_TIME_VIOLATION,"May 17, 2026, 9:05 AM",NA,CLOSED,NA,NA
pinnacle-Slc,"3,000,272",0,c35aa0ea-cba8-92a3-1bc3-b39a22f85f69,EMPLOYEE_SIGN_OFF_TIME_VIOLATION,"May 17, 2026, 9:05 AM",NA,CLOSED,NA,NA
pinnacle-Slc,"3,000,273",0,41c2c275-e8bf-05de-168f-70f5347b2c62,EMPLOYEE_SIGN_OFF_TIME_VIOLATION,"May 17, 2026, 9:05 AM",NA,CLOSED,NA,NA
pinnacle-Slc,"3,000,274",0,9dd7aa2a-8078-a9cc-7698-a17793ac0964,EMPLOYEE_SIGN_OFF_TIME_VIOLATION,"May 17, 2026, 9:05 AM",NA,CLOSED,NA,NA
pinnacle-Slc,"3,000,275",0,998d7562-fad1-c7b3-2056-bebc21d8ee84,EMPLOYEE_SIGN_OFF_TIME_VIOLATION,"May 17, 2026, 9:05 AM",NA,CLOSED,NA,NA
pinnacle-Slc,"3,000,276",0,9316f076-5046-95c9-1a25-6edab00a9777,EMPLOYEE_SIGN_OFF_TIME_VIOLATION,"May 17, 2026, 9:05 AM",NA,CLOSED,NA,NA
pinnacle-Slc,"3,000,277",0,be90e63c-a9c5-89e3-2549-52916095b766,EMPLOYEE_SIGN_OFF_TIME_VIOLATION,"May 17, 2026, 9:05 AM",NA,CLOSED,NA,NA
pinnacle-Slc,"3,000,278",0,da27bcc8-5f42-b97a-c0d9-bb560ffe4318,EMPLOYEE_SIGN_OFF_TIME_VIOLATION,"May 17, 2026, 9:05 AM",NA,CLOSED,NA,NA
pinnacle-Slc,"3,000,279",0,18d1cc95-d487-40cf-e9e3-3d8ed08eb82e,EMPLOYEE_SIGN_OFF_TIME_VIOLATION,"May 17, 2026, 9:05 AM",NA,CLOSED,NA,NA
pinnacle-Slc,"3,000,280",0,4eb9c98c-9e36-12d4-1bb6-24f1fcb9bc03,EMPLOYEE_SIGN_OFF_TIME_VIOLATION,"May 17, 2026, 9:05 AM",NA,CLOSED,NA,NA
pinnacle-Slc,"3,000,261",0,8b83483e-95c1-8cfa-ce22-c984a8f699c5,EMPLOYEE_SIGN_OFF_TIME_VIOLATION,"May 17, 2026, 9:05 AM",NA,CLOSED,NA,NA
pinnacle-Slc,"3,000,262",0,29202c2b-c186-914b-d5f5-5d40e55c7018,EMPLOYEE_SIGN_OFF_TIME_VIOLATION,"May 17, 2026, 9:05 AM",NA,CLOSED,NA,NA
pinnacle-Slc,"3,000,263",0,3f7da1a5-eeaa-e180-ed38-f32caa4fa8b6,EMPLOYEE_SIGN_OFF_TIME_VIOLATION,"May 17, 2026, 9:05 AM",NA,CLOSED,NA,NA
pinnacle-Slc,"3,000,264",0,37dc9018-6e0c-a3b5-9469-564dbdeb3949,EMPLOYEE_SIGN_OFF_TIME_VIOLATION,"May 17, 2026, 9:05 AM",NA,CLOSED,NA,NA
pinnacle-Slc,"3,000,265",0,64c48f40-d573-8965-466b-8c4c4a3bd54f,EMPLOYEE_SIGN_OFF_TIME_VIOLATION,"May 17, 2026, 9:05 AM",NA,CLOSED,NA,NA
pinnacle-Slc,"3,000,266",0,dae3a0c7-d06d-9f22-21f4-f0ff81f8c4ee,EMPLOYEE_SIGN_OFF_TIME_VIOLATION,"May 17, 2026, 9:05 AM",NA,CLOSED,NA,NA
pinnacle-Slc,"3,000,267",0,7e3c1b1e-7b55-3c5b-06aa-87fda96fb9a9,EMPLOYEE_SIGN_OFF_TIME_VIOLATION,"May 17, 2026, 9:05 AM",NA,CLOSED,NA,NA
pinnacle-Slc,"3,000,268",0,8d14bad9-1dd0-dc0e-1bc4-93ba4c94596e,EMPLOYEE_SIGN_OFF_TIME_VIOLATION,"May 17, 2026, 9:05 AM",NA,CLOSED,NA,NA
pinnacle-Slc,"3,000,269",0,cfaf3248-c819-5607-1ef5-77d8a6f60f03,EMPLOYEE_SIGN_OFF_TIME_VIOLATION,"May 17, 2026, 9:05 AM",NA,CLOSED,NA,NA
pinnacle-Slc,"3,000,270",0,88fccfc4-e662-4267-ac44-477e6ca81faa,EMPLOYEE_SIGN_OFF_TIME_VIOLATION,"May 17, 2026, 9:05 AM",NA,CLOSED,NA,NA
pinnacle-Slc,"3,000,271",0,ed9e23c8-817a-8f32-baa8-443162bb3469,EMPLOYEE_SIGN_OFF_TIME_VIOLATION,"May 17, 2026, 9:05 AM",NA,CLOSED,NA,NA
pinnacle-Slc,"3,000,272",0,4fdf13af-6658-d0d1-0eac-3d40a9600ce4,EMPLOYEE_SIGN_OFF_TIME_VIOLATION,"May 17, 2026, 9:05 AM",NA,CLOSED,NA,NA
pinnacle-Slc,"3,000,261",0,3d5ab8a3-1743-689d-235b-896673574f71,DEVICE_NOT_REACHABLE,"May 17, 2026, 9:05 AM","May 17, 2026, 9:10 AM",CLOSED,Sev-3,MOBILE
pinnacle-Slc,"3,000,262",0,48726653-23bb-b507-66c8-a65419cebd32,EMPLOYEE_GEOFENCE_VIOLATION,"May 17, 2026, 9:05 AM","May 17, 2026, 9:08 AM",CLOSED,False,MOBILE
pinnacle-Slc,"3,000,281",0,5e179bd8-2ad8-0c56-cfc3-1affeb226d7b,DEVICE_NOT_REACHABLE,"May 18, 2026, 9:05 AM","May 18, 2026, 9:10 AM",CLOSED,Sev-3,MOBILE
pinnacle-Slc,"3,000,282",0,a87e6884-7b9c-69d2-d92f-16cc7cb1599c,EMPLOYEE_GEOFENCE_VIOLATION,"May 18, 2026, 9:05 AM","May 18, 2026, 9:08 AM",CLOSED,False,MOBILE
pinnacle-Slc,"3,000,283",0,7736d832-23ab-91b9-b339-d678d898e9da,PANIC_MOBILE,"May 18, 2026, 9:05 AM","May 18, 2026, 9:07 AM",CLOSED,Sev-1,MOBILE_APP
pinnacle-Slc,"3,000,284",0,5722a605-f2ef-62b1-e7fd-a0be746cac9f,OVER_SPEEDING,"May 18, 2026, 9:05 AM","May 18, 2026, 9:13 AM",CLOSED,Sev-2,DEVICE
pinnacle-Slc,"3,000,301",0,e04dc75e-ce91-b004-90c0-ab69c1361833,DEVICE_NOT_REACHABLE,"May 19, 2026, 9:05 AM","May 19, 2026, 9:10 AM",CLOSED,Sev-3,MOBILE
pinnacle-Slc,"3,000,302",0,ea921f4a-8048-3d95-ed3b-9850974e8137,EMPLOYEE_GEOFENCE_VIOLATION,"May 19, 2026, 9:05 AM","May 19, 2026, 9:08 AM",CLOSED,False,MOBILE
pinnacle-Slc,"3,000,321",0,ab44fd37-0de2-48bc-05fd-45b456e67b5b,DEVICE_NOT_REACHABLE,"May 20, 2026, 9:05 AM","May 20, 2026, 9:10 AM",CLOSED,Sev-3,MOBILE
pinnacle-Slc,"3,000,322",0,a893e9de-ca4f-a090-2ef5-cb3ddc7402f2,EMPLOYEE_GEOFENCE_VIOLATION,"May 20, 2026, 9:05 AM","May 20, 2026, 9:08 AM",CLOSED,False,MOBILE
pinnacle-Slc,"3,000,341",0,3ffa25c9-d217-1963-0395-c9e9e2d24fea,DEVICE_NOT_REACHABLE,"May 21, 2026, 9:05 AM","May 21, 2026, 9:10 AM",CLOSED,Sev-3,MOBILE
pinnacle-Slc,"3,000,342",0,388ef7f1-82d7-e02c-aefa-57a7427c1588,EMPLOYEE_GEOFENCE_VIOLATION,"May 21, 2026, 9:05 AM","May 21, 2026, 9:08 AM",CLOSED,False,MOBILE
pinnacle-Slc,"3,000,361",0,83e39b46-f654-e9fb-5843-34b461ad831a,DEVICE_NOT_REACHABLE,"May 22, 2026, 9:05 AM","May 22, 2026, 9:10 AM",CLOSED,Sev-3,MOBILE
pinnacle-Slc,"3,000,362",0,49053fad-bcaf-2193-1312-4e8f3fcbc862,EMPLOYEE_GEOFENCE_VIOLATION,"May 22, 2026, 9:05 AM","May 22, 2026, 9:08 AM",CLOSED,False,MOBILE
pinnacle-Slc,"3,000,381",0,c2dbbf68-941e-c39e-ff1a-0461e023f749,DEVICE_NOT_REACHABLE,"May 23, 2026, 9:05 AM","May 23, 2026, 9:10 AM",CLOSED,Sev-3,MOBILE
pinnacle-Slc,"3,000,382",0,6d1458a3-13b3-ad5a-80ea-b04716bca6b1,EMPLOYEE_GEOFENCE_VIOLATION,"May 23, 2026, 9:05 AM","May 23, 2026, 9:08 AM",CLOSED,False,MOBILE
pinnacle-Slc,"3,000,401",0,81b8a7d7-efa3-88fb-fc26-5851ca0ce1b3,DEVICE_NOT_REACHABLE,"May 24, 2026, 9:05 AM","May 24, 2026, 9:10 AM",CLOSED,Sev-3,MOBILE
pinnacle-Slc,"3,000,402",0,6be4f81b-65ce-6a86-333c-557fc3a2e1d4,EMPLOYEE_GEOFENCE_VIOLATION,"May 24, 2026, 9:05 AM","May 24, 2026, 9:08 AM",CLOSED,False,MOBILE
pinnacle-Slc,"3,000,421",0,b9d288ad-b46f-18b1-939d-2e67eeff9109,DEVICE_NOT_REACHABLE,"May 25, 2026, 9:05 AM","May 25, 2026, 9:10 AM",CLOSED,Sev-3,MOBILE
pinnacle-Slc,"3,000,422",0,66d1b955-8629-ac07-a84f-b687b1d78935,EMPLOYEE_GEOFENCE_VIOLATION,"May 25, 2026, 9:05 AM","May 25, 2026, 9:08 AM",CLOSED,False,MOBILE
pinnacle-Slc,"3,000,423",0,a05b6c1d-77c8-417a-0938-1bdc68ee6cd8,PANIC_MOBILE,"May 25, 2026, 9:05 AM","May 25, 2026, 9:07 AM",CLOSED,Sev-1,MOBILE_APP
pinnacle-Slc,"3,000,424",0,28aa8470-c9be-bd4d-4f0f-5616b570e466,OVER_SPEEDING,"May 25, 2026, 9:05 AM","May 25, 2026, 9:13 AM",CLOSED,Sev-2,DEVICE
pinnacle-Slc,"3,000,441",0,02727315-891d-bfc8-888a-200f76a57a93,DEVICE_NOT_REACHABLE,"May 26, 2026, 9:05 AM","May 26, 2026, 9:10 AM",CLOSED,Sev-3,MOBILE
pinnacle-Slc,"3,000,442",0,6a1fee72-0769-2b10-c874-de21f9c52ce0,EMPLOYEE_GEOFENCE_VIOLATION,"May 26, 2026, 9:05 AM","May 26, 2026, 9:08 AM",CLOSED,False,MOBILE
pinnacle-Slc,"3,000,461",0,c9d21d0c-195a-4c84-bb10-8659670f9b74,DEVICE_NOT_REACHABLE,"May 27, 2026, 9:05 AM","May 27, 2026, 9:10 AM",CLOSED,Sev-3,MOBILE
pinnacle-Slc,"3,000,462",0,303c4acb-18fe-5c50-5e14-e0b1b8bdc408,EMPLOYEE_GEOFENCE_VIOLATION,"May 27, 2026, 9:05 AM","May 27, 2026, 9:08 AM",CLOSED,False,MOBILE
pinnacle-Slc,"3,000,481",0,b3c4ca0c-835a-6308-d77a-f85d315ff9ff,DEVICE_NOT_REACHABLE,"May 28, 2026, 9:05 AM","May 28, 2026, 9:10 AM",CLOSED,Sev-3,MOBILE
pinnacle-Slc,"3,000,482",0,1ca9a9b6-4549-3057-5fae-c56dba4def4f,EMPLOYEE_GEOFENCE_VIOLATION,"May 28, 2026, 9:05 AM","May 28, 2026, 9:08 AM",CLOSED,False,MOBILE
pinnacle-Slc,"3,000,501",0,3bdf0970-00b5-b11d-2956-c90711461212,DEVICE_NOT_REACHABLE,"May 29, 2026, 9:05 AM","May 29, 2026, 9:10 AM",CLOSED,Sev-3,MOBILE
pinnacle-Slc,"3,000,502",0,6b6d3eb1-2c1d-9e45-03c9-f28ac252f5c3,EMPLOYEE_GEOFENCE_VIOLATION,"May 29, 2026, 9:05 AM","May 29, 2026, 9:08 AM",CLOSED,False,MOBILE
pinnacle-Slc,"3,000,521",0,bd2344f7-86c8-d708-2e6c-0168d989a9c0,DEVICE_NOT_REACHABLE,"May 30, 2026, 9:05 AM","May 30, 2026, 9:10 AM",CLOSED,Sev-3,MOBILE
pinnacle-Slc,"3,000,522",0,55a0322a-b42e-6dee-7460-31c43882aed1,EMPLOYEE_GEOFENCE_VIOLATION,"May 30, 2026, 9:05 AM","May 30, 2026, 9:08 AM",CLOSED,False,MOBILE
pinnacle-Slc,"3,000,541",0,3cbf6008-be9a-ed6f-9af0-0db5e546fdd4,DEVICE_NOT_REACHABLE,"May 31, 2026, 9:05 AM","May 31, 2026, 9:10 AM",CLOSED,Sev-3,MOBILE
pinnacle-Slc,"3,000,542",0,05c576ac-bbf8-2b76-3b8f-906b795f5d67,EMPLOYEE_GEOFENCE_VIOLATION,"May 31, 2026, 9:05 AM","May 31, 2026, 9:08 AM",CLOSED,False,MOBILE
pinnacle-Slc,"3,000,561",0,2fe605b4-2e6e-815f-4db6-24fe78cfe7f3,DEVICE_NOT_REACHABLE,"June 1, 2026, 9:05 AM","June 1, 2026, 9:10 AM",CLOSED,Sev-3,MOBILE
pinnacle-Slc,"3,000,562",0,37009729-99af-27a3-5075-38a1f1ab3a6e,EMPLOYEE_GEOFENCE_VIOLATION,"June 1, 2026, 9:05 AM","June 1, 2026, 9:08 AM",CLOSED,False,MOBILE
pinnacle-Slc,"3,000,563",0,863288b7-4cc8-30fc-898c-a47d3ccc4ccf,PANIC_MOBILE,"June 1, 2026, 9:05 AM","June 1, 2026, 9:07 AM",CLOSED,Sev-1,MOBILE_APP
pinnacle-Slc,"3,000,564",0,7c079205-1310-fff4-2fc6-e13c5122183d,OVER_SPEEDING,"June 1, 2026, 9:05 AM","June 1, 2026, 9:13 AM",CLOSED,Sev-2,DEVICE
pinnacle-Slc,"3,000,565",0,c09286f6-a795-59ae-5887-7e14a23841f8,DEVICE_NOT_REACHABLE,"June 1, 2026, 9:05 AM","June 1, 2026, 9:11 AM",CLOSED,Sev-3,MOBILE
pinnacle-Slc,"3,000,581",0,faa2c603-f7c6-8fb7-29ef-ddc9d5a4e9dc,DEVICE_NOT_REACHABLE,"June 2, 2026, 9:05 AM","June 2, 2026, 9:10 AM",CLOSED,Sev-3,MOBILE
pinnacle-Slc,"3,000,582",0,77a9c423-b8d0-56ec-f0c7-4427e140b868,EMPLOYEE_GEOFENCE_VIOLATION,"June 2, 2026, 9:05 AM","June 2, 2026, 9:08 AM",CLOSED,False,MOBILE
pinnacle-Slc,"3,000,585",0,f0113735-284f-78c4-92f8-c6423da31011,DEVICE_NOT_REACHABLE,"June 2, 2026, 9:05 AM","June 2, 2026, 9:11 AM",CLOSED,Sev-3,MOBILE
pinnacle-Slc,"3,000,601",0,1bb113ff-042b-2c70-9c97-8b1a9f11f978,DEVICE_NOT_REACHABLE,"June 3, 2026, 9:05 AM","June 3, 2026, 9:10 AM",CLOSED,Sev-3,MOBILE
pinnacle-Slc,"3,000,602",0,d0889311-7104-e3f9-4cf4-1548622a7a93,EMPLOYEE_GEOFENCE_VIOLATION,"June 3, 2026, 9:05 AM","June 3, 2026, 9:08 AM",CLOSED,False,MOBILE
pinnacle-Slc,"3,000,605",0,1d0ac242-7433-ffbf-0631-828f90aa0ea4,DEVICE_NOT_REACHABLE,"June 3, 2026, 9:05 AM","June 3, 2026, 9:11 AM",CLOSED,Sev-3,MOBILE
pinnacle-Slc,"3,000,621",0,043159a9-8a04-c5ab-1608-14710f952461,DEVICE_NOT_REACHABLE,"June 4, 2026, 9:05 AM","June 4, 2026, 9:10 AM",CLOSED,Sev-3,MOBILE
pinnacle-Slc,"3,000,622",0,225dadec-9c00-5dfc-728b-969c9a799fb2,EMPLOYEE_GEOFENCE_VIOLATION,"June 4, 2026, 9:05 AM","June 4, 2026, 9:08 AM",CLOSED,False,MOBILE
pinnacle-Slc,"3,000,625",0,965abb54-4f87-27fb-acd9-59045211c3ee,DEVICE_NOT_REACHABLE,"June 4, 2026, 9:05 AM","June 4, 2026, 9:11 AM",CLOSED,Sev-3,MOBILE
pinnacle-Slc,"3,000,641",0,ad7dacf1-23cc-8f84-b2ab-e7c641fef7a4,DEVICE_NOT_REACHABLE,"June 5, 2026, 9:05 AM","June 5, 2026, 9:10 AM",CLOSED,Sev-3,MOBILE
pinnacle-Slc,"3,000,642",0,1a5967f0-d8aa-2b23-2585-27b7a6e82e26,EMPLOYEE_GEOFENCE_VIOLATION,"June 5, 2026, 9:05 AM","June 5, 2026, 9:08 AM",CLOSED,False,MOBILE
pinnacle-Slc,"3,000,645",0,eb9a8db7-cbe3-9d33-b037-2f915017f652,DEVICE_NOT_REACHABLE,"June 5, 2026, 9:05 AM","June 5, 2026, 9:11 AM",CLOSED,Sev-3,MOBILE
pinnacle-Slc,"3,000,661",0,603b907e-05f6-2b03-db49-0b8d8e2a2ac9,DEVICE_NOT_REACHABLE,"June 6, 2026, 9:05 AM","June 6, 2026, 9:10 AM",CLOSED,Sev-3,MOBILE
pinnacle-Slc,"3,000,662",0,3a58b9d8-fca5-fd18-e4b8-a5c9797baed7,EMPLOYEE_GEOFENCE_VIOLATION,"June 6, 2026, 9:05 AM","June 6, 2026, 9:08 AM",CLOSED,False,MOBILE
pinnacle-Slc,"3,000,665",0,c094c9de-5804-3940-c7d1-3d0f69987aee,DEVICE_NOT_REACHABLE,"June 6, 2026, 9:05 AM","June 6, 2026, 9:11 AM",CLOSED,Sev-3,MOBILE
pinnacle-Slc,"3,000,681",0,40e772cb-5e14-5945-7e01-6282871933e6,DEVICE_NOT_REACHABLE,"June 7, 2026, 9:05 AM","June 7, 2026, 9:10 AM",CLOSED,Sev-3,MOBILE
pinnacle-Slc,"3,000,682",0,3a8a307a-1b41-a9cf-15db-9b40b0198ddd,EMPLOYEE_GEOFENCE_VIOLATION,"June 7, 2026, 9:05 AM","June 7, 2026, 9:08 AM",CLOSED,False,MOBILE
pinnacle-Slc,"3,000,685",0,5cee66fc-7476-073e-8d89-5d43ca05fdcc,DEVICE_NOT_REACHABLE,"June 7, 2026, 9:05 AM","June 7, 2026, 9:11 AM",CLOSED,Sev-3,MOBILE
orbit-Slc,"3,000,001","500,001",f7622ce1-6936-f895-9fc7-ce6e40d7cba7,WOMAN_TRAVELLING_ALONE,"May 6, 2026, 10:00 AM","May 6, 2026, 10:01 AM",CLOSED,Sev-2,DEVICE
orbit-Slc,"3,000,002","500,001",ff5607bc-183f-1488-dece-d0e708f27417,WOMAN_TRAVELLING_ALONE,"May 6, 2026, 10:00 AM","May 6, 2026, 10:01 AM",CLOSED,Sev-2,DEVICE
orbit-Slc,"3,000,003","500,001",4d1eaaab-b4c3-bf33-9cfe-90bb505f97d8,WOMAN_TRAVELLING_ALONE,"May 6, 2026, 10:00 AM","May 6, 2026, 10:01 AM",CLOSED,Sev-2,DEVICE
orbit-Slc,"1,200,023","500,001",dee25cf5-3c38-9d62-ba17-4a80062798e4,WOMAN_TRAVELLING_ALONE,"May 6, 2026, 10:00 AM","May 6, 2026, 10:01 AM",CLOSED,Sev-2,DEVICE
orbit-Slc,"1,200,024","500,001",999a3499-4d8a-a9d6-c1fc-b9c1dd663b20,WOMAN_TRAVELLING_ALONE,"May 6, 2026, 10:00 AM","May 6, 2026, 10:01 AM",CLOSED,Sev-2,DEVICE
orbit-Slc,"1,200,045","500,001",6a251832-9907-5cab-0332-6149760d7261,WOMAN_TRAVELLING_ALONE,"May 6, 2026, 10:00 AM","May 6, 2026, 10:01 AM",CLOSED,Sev-2,DEVICE
orbit-Slc,"1,200,046","500,001",b22adf3e-e62b-6a9a-7b44-a3a0ba7925f1,WOMAN_TRAVELLING_ALONE,"May 6, 2026, 10:00 AM","May 6, 2026, 10:01 AM",CLOSED,Sev-2,DEVICE
orbit-Slc,"1,200,047","500,001",f0e310b3-3e60-1697-8916-67b6a3871ecc,WOMAN_TRAVELLING_ALONE,"May 6, 2026, 10:00 AM","May 6, 2026, 10:01 AM",CLOSED,Sev-2,DEVICE
orbit-Slc,"1,200,048","500,001",56950e0e-755d-2bf5-f0c3-b53eff5bb587,WOMAN_TRAVELLING_ALONE,"May 6, 2026, 10:00 AM","May 6, 2026, 10:01 AM",CLOSED,Sev-2,DEVICE
orbit-Slc,"1,200,049","500,001",e2490be0-6fc7-6336-0495-24fcc7916662,WOMAN_TRAVELLING_ALONE,"May 6, 2026, 10:00 AM","May 6, 2026, 10:01 AM",CLOSED,Sev-2,DEVICE
orbit-Slc,"1,200,070","500,001",912c8898-00ef-f8de-d1d8-47ae0c6a868a,WOMAN_TRAVELLING_ALONE,"May 6, 2026, 10:00 AM","May 6, 2026, 10:01 AM",CLOSED,Sev-2,DEVICE
orbit-Slc,"1,200,071","500,001",7a55cf2a-8fc5-0dd9-2fe7-ea9d10fc239f,WOMAN_TRAVELLING_ALONE,"May 6, 2026, 10:00 AM","May 6, 2026, 10:01 AM",CLOSED,Sev-2,DEVICE
orbit-Slc,"1,200,072","500,001",eb72f98f-df4f-4ede-50e2-fb36b58d487b,WOMAN_TRAVELLING_ALONE,"May 6, 2026, 10:00 AM","May 6, 2026, 10:01 AM",CLOSED,Sev-2,DEVICE
orbit-Slc,"1,200,073","500,001",a483b32b-23a8-a4b3-4ac3-dc1f8d5c49ea,WOMAN_TRAVELLING_ALONE,"May 6, 2026, 10:00 AM","May 6, 2026, 10:01 AM",CLOSED,Sev-2,DEVICE
orbit-Slc,"1,200,074","500,001",c2c4d82a-e5ae-a0cb-5177-6095dcd0825f,WOMAN_TRAVELLING_ALONE,"May 6, 2026, 10:00 AM","May 6, 2026, 10:01 AM",CLOSED,Sev-2,DEVICE
orbit-Slc,"1,200,095","500,001",03385041-e678-9854-7c0c-d3a970f5b2c1,WOMAN_TRAVELLING_ALONE,"May 6, 2026, 10:00 AM","May 6, 2026, 10:01 AM",CLOSED,Sev-2,DEVICE
orbit-Slc,"1,200,096","500,001",d6d2927f-c6e4-d51e-dca5-bdfe912f112f,WOMAN_TRAVELLING_ALONE,"May 6, 2026, 10:00 AM","May 6, 2026, 10:01 AM",CLOSED,Sev-2,DEVICE
orbit-Slc,"1,200,097","500,001",ffd33c00-4a07-0ac0-f9e9-e06cd91d2bf2,WOMAN_TRAVELLING_ALONE,"May 6, 2026, 10:00 AM","May 6, 2026, 10:01 AM",CLOSED,Sev-2,DEVICE
orbit-Slc,"1,200,098","500,001",2a4f05f1-6d3a-0065-d8ec-991321900d6e,WOMAN_TRAVELLING_ALONE,"May 6, 2026, 10:00 AM","May 6, 2026, 10:01 AM",CLOSED,Sev-2,DEVICE
orbit-Slc,"1,200,099","500,001",fcd5476a-0bbf-cfbe-2fb9-34185169e367,WOMAN_TRAVELLING_ALONE,"May 6, 2026, 10:00 AM","May 6, 2026, 10:01 AM",CLOSED,Sev-2,DEVICE
orbit-Slc,"1,200,120","500,001",a9f2e37c-15ed-d988-b2e5-a5cb69c18ed2,WOMAN_TRAVELLING_ALONE,"May 6, 2026, 10:00 AM","May 6, 2026, 10:01 AM",CLOSED,Sev-2,DEVICE
orbit-Slc,"1,200,121","500,001",12d31d77-a7bc-e3d2-f6fc-7761e38a57f7,WOMAN_TRAVELLING_ALONE,"May 6, 2026, 10:00 AM","May 6, 2026, 10:01 AM",CLOSED,Sev-2,DEVICE
orbit-Slc,"1,200,122","500,001",8564f430-06c9-7b3c-8c03-c08bd75f0644,WOMAN_TRAVELLING_ALONE,"May 6, 2026, 10:00 AM","May 6, 2026, 10:01 AM",CLOSED,Sev-2,DEVICE
orbit-Slc,"1,200,123","500,001",06e9bc82-4e97-9b97-2d87-e05730f98e59,WOMAN_TRAVELLING_ALONE,"May 6, 2026, 10:00 AM","May 6, 2026, 10:01 AM",CLOSED,Sev-2,DEVICE
orbit-Slc,"1,200,124","500,001",0ab83682-cb03-886f-401b-69f69a57cdda,WOMAN_TRAVELLING_ALONE,"May 6, 2026, 10:00 AM","May 6, 2026, 10:01 AM",CLOSED,Sev-2,DEVICE
