tenant_id,service_mode,metric_id,target_value,comparison_operator,effective_from,effective_to,metric_version
TNT_001,CAB,on_time_arrival_rate,0.9,>=,2026-01-01,,ota_v1
TNT_001,NODAL,on_time_arrival_rate,0.9,>=,2026-01-01,,ota_v1
TNT_001,SHUTTLE,on_time_arrival_rate,0.88,>=,2026-01-01,,ota_v1
TNT_002,CAB,on_time_arrival_rate,0.9,>=,2026-01-01,,ota_v1
TNT_002,NODAL,on_time_arrival_rate,0.9,>=,2026-01-01,,ota_v1
TNT_002,SHUTTLE,on_time_arrival_rate,0.88,>=,2026-01-01,,ota_v1
TNT_003,CAB,on_time_arrival_rate,0.9,>=,2026-01-01,,ota_v1
TNT_003,NODAL,on_time_arrival_rate,0.9,>=,2026-01-01,,ota_v1
TNT_003,SHUTTLE,on_time_arrival_rate,0.88,>=,2026-01-01,,ota_v1
